instance	n	subtree	mutation_count	RSS	Signature.1	Signature.2	Signature.3	Signature.4	Signature.5	Signature.6	Signature.7	Signature.8	Signature.9	Signature.10	Signature.11	Signature.12	Signature.13	Signature.14	Signature.15	Signature.16	Signature.17	Signature.18	Signature.19	Signature.20	Signature.21	Signature.22	Signature.23	Signature.24	Signature.25	Signature.26	Signature.27	Signature.28	Signature.29	Signature.30
m5_S18_k0_eps0.1.P_eps.txt	5	1;3;2;5;4	659	44.06565	 0.001902386	 0	 0	 0.4571863	 0.06834926	 0.09807641	 0.01001337	 0.007121365	 0	 0	 0	 0.009871324	 0	 0	 0.06110088	 0	 0.04862454	 0	 0	 0	 0	 0	 0	 0.002756269	 0.0137657	 0	 0.1647074	 0	 0	 0.05652483
m5_S18_k0_eps0.2.P_eps.txt	5	1;3;2;5;4	363	53.0712	 0.01043901	 0	 0	 0	 0.04738142	 0	 0	 0	 0	 0	 0	 0.01354862	 0	 0.1914216	 0	 0.07431393	 0	 0.01956661	 0.02525812	 0.008722666	 0.1079142	 0.1405815	 0.01371881	 0	 0.01485138	 0.06753833	 0.02491079	 0.1828818	 0.05695128	 0
m5_S18_k0_eps0.3.P_eps.txt	5	1;3;2;5;4	484	78.89198	 0.01695579	 0.004805439	 0	 0.1570553	 0	 0.05764497	 0.06194229	 0	 0	 0.006065365	 0.1007789	 0.1469058	 0	 0.08190338	 0	 0.04346462	 0.07920018	 0.051059	 0.004178014	 0	 0.001903285	 0.00525885	 0	 0.1537467	 0	 0	 0	 0	 0.007979759	 0.01915236
m5_S18_k1_eps0.1.P_eps.txt	5	1;3;2	269	27.78356	 0.03129906	 0.0306025	 0	 0.2195678	 0	 0.1582385	 0.005758134	 0.0002028862	 0	 0.01917419	 0	 0	 0	 0.05382049	 0	 0.01084545	 0	 0.03708883	 0	 0.02753643	 0.003544774	 0	 0	 0.06399298	 0.0216221	 0.04151891	 0.2135384	 0	 0.06164859	 0
m5_S18_k1_eps0.1.P_eps.txt	5	5;4	130	13.49354	 0.02080087	 0.0130034	 0	 0	 0	 0	 0	 0	 0	 0.03788244	 0	 0	 0	 0.4477646	 0.02947544	 0	 0.05388775	 0.02204965	 0	 0	 0	 0	 0.05694511	 0	 0	 0	 0.1334264	 0	 0.1460637	 0.03870072
m5_S18_k1_eps0.2.P_eps.txt	5	1;3;2;4	419	51.97983	 0	 0.04200997	 0.03761683	 0	 0.02362788	 0.00526063	 0.01481058	 0	 0	 0.01780242	 0.006413347	 0	 0	 0	 0	 0	 0.5614883	 0	 0	 0.04538036	 0.08558517	 0	 0.004905289	 0.09033487	 0	 0.02093628	 0	 0	 0.04382804	 0
m5_S18_k1_eps0.2.P_eps.txt	5	5	144	10.56879	 0	 0.008678829	 0.04826425	 0	 0.1517584	 0	 0.01178248	 0.05328106	 0	 0.02364242	 0	 0	 0	 0.01002535	 0.0465813	 0.1890982	 0.04401521	 0.2356059	 0.01163705	 0	 0	 0	 0.0356303	 0.1059298	 0	 0	 0	 0.01145552	 0	 0.01261395
m5_S18_k1_eps0.3.P_eps.txt	5	1;3;2;4	558	65.42336	 0.04038528	 0	 0	 0.007203525	 0	 0	 0.002207721	 0.01491781	 0.03867286	 0	 0	 0.3370391	 0	 0	 0.02965166	 0.08596293	 0	 0.09376361	 0	 0	 0.0624643	 0	 0	 0	 0.0103451	 0.02022854	 0.189367	 0.06779058	 0	 0
m5_S18_k1_eps0.3.P_eps.txt	5	5	93	10.95919	 0.2186426	 0.09226682	 0	 0.0206125	 0.145662	 0.04476775	 0.008237916	 0.04134344	 0	 0	 0	 0.10412	 0.009294271	 0	 0	 0.0132996	 0.0149013	 0	 0.01131915	 0.01396903	 0.03723368	 0.009499742	 0	 0	 0.04710913	 0	 0.1492981	 0	 0	 0.01842298
m5_S18_k2_eps0.1.P_eps.txt	5	1;3;2	355	25.7684	 0	 0.001957368	 0	 0	 0	 0.003492054	 0.2476267	 0	 0	 0	 0	 0	 0	 0.05769847	 0.3795351	 0	 0	 0.1218037	 0	 0	 0	 0	 0.07102352	 0.0639844	 0	 0	 0	 0	 0.05287877	 0
m5_S18_k2_eps0.1.P_eps.txt	5	5	161	10.08228	 0.02596402	 0	 0	 0.02361097	 0.1578085	 0	 0.03541627	 0.1083189	 0	 0.01087738	 0.205806	 0	 0.1014979	 0.06757874	 0	 0.01850984	 0	 0	 0	 0.01689784	 0	 0	 0	 0.04271034	 0.01414486	 0.03485757	 0.02269205	 0	 0	 0.1133089
m5_S18_k2_eps0.1.P_eps.txt	5	4	50	7.941263	 0.03759361	 0.04777678	 0	 0	 0	 0	 0.1054741	 0.4661755	 0	 0	 0.009865353	 0	 0	 0.01188865	 0.04034082	 0	 0	 0	 0.01800276	 0	 0	 0.07093371	 0	 0.03152615	 0	 0	 0.01600888	 0.1297541	 0.01465953	 0
m5_S18_k2_eps0.2.P_eps.txt	5	1;3;4	247	34.43333	 0.181809	 0.01138779	 0	 0	 0	 0	 0.00191038	 0.02101605	 0	 0	 0	 0	 0.1692564	 0	 0	 0.0335799	 0.1015967	 0.05616138	 0.2777892	 0.02448392	 0	 0.02893263	 0.01397798	 0	 0	 0	 0	 0	 0.0672649	 0.01083376
m5_S18_k2_eps0.2.P_eps.txt	5	2	64	8.533393	 0.02813333	 0.01364166	 0	 0	 0	 0.02133129	 0	 0	 0	 0.07047911	 0	 0.1335473	 0.1204208	 0	 0.06722385	 0.03838351	 0	 0	 0.05036888	 0	 0.0882232	 0	 0	 0	 0	 0	 0	 0.2013624	 0.1668846	 0
m5_S18_k2_eps0.2.P_eps.txt	5	5	58	10.90912	 0.04687735	 0.004232369	 0	 0	 0.00715742	 0	 0.01817299	 0	 0	 0.008120589	 0	 0.07046002	 0	 0	 0	 0.04194804	 0.04921299	 0	 0.03538908	 0.03629976	 0	 0.06619721	 0	 0.3728796	 0	 0.1628654	 0.0801872	 0	 0	 0
m5_S18_k2_eps0.3.P_eps.txt	5	1;3	277	32.53205	 0	 0.004952964	 0.004809707	 0	 0.1107898	 0	 0	 0.03577968	 0	 0	 0.0438304	 0	 0	 0.1262164	 0.003116064	 0	 0.01366776	 0	 0.08518979	 0	 0.3663383	 0	 0.03710165	 0	 0	 0	 0	 0.03313213	 0.1350754	 0
m5_S18_k2_eps0.3.P_eps.txt	5	2	193	11.98628	 0	 0.02727519	 0	 0	 0.0182765	 0	 0	 0.02885958	 0	 0.02647644	 0.006678287	 0.07221384	 0	 0.04522916	 0.0973757	 0	 0.1775042	 0.08562853	 0	 0.07711041	 0.06469157	 0.06142296	 0.006587406	 0.06618605	 0	 0.08092185	 0.02924123	 0.01080781	 0.01751333	 0
m5_S18_k2_eps0.3.P_eps.txt	5	5;4	175	32.73985	 0.1814178	 0	 0.01466621	 0.05753079	 0	 0	 0	 0	 0.02620507	 0.04599727	 0	 0	 0.16581	 0.07081634	 0	 0.03038895	 0	 0.008438277	 0.06626311	 0	 0	 0	 0.02459411	 0.1592439	 0.06634029	 0	 0.07669457	 0	 0	 0.005593328
m5_S3_k0_eps0.1.P_eps.txt	5	1;3;2;5;4	551	46.98715	 0.1721467	 0.001552137	 0	 0.1852458	 0.1277785	 0	 0.001664907	 0.03361305	 0	 0	 0	 0.01367302	 0	 0.005356527	 0.009255111	 0	 0.01042797	 0.06816655	 0	 0.006254673	 0.00269554	 0.04467814	 0.106897	 0	 0	 0	 0	 0.1272315	 0	 0.08336304
m5_S3_k0_eps0.2.P_eps.txt	5	1;3;2;5;4	372	54.56036	 0.4035977	 0	 0	 0	 0.1200771	 0	 0	 0	 0	 0.02484498	 0	 0.07629697	 0	 0	 0.003896689	 0.0176573	 0	 0.1026326	 0	 0.007984668	 0.03788993	 0	 0.1247255	 0.02878327	 0	 0	 0	 0	 0.05161327	 0
m5_S3_k0_eps0.3.P_eps.txt	5	1;3;2;5;4	615	84.04524	 0.01089862	 0.1210313	 0	 0	 0.0426413	 0.1203331	 0.02847378	 0	 0.08922247	 0.09240829	 0	 0	 0.07137759	 0	 0.04112502	 0	 0.03972314	 0.1349176	 0	 0	 0.01240957	 0	 0	 0	 0.05131414	 0.03004779	 0.08378549	 0.00240299	 0.02788779	 0
m5_S3_k1_eps0.1.P_eps.txt	5	1;3;2;4	416	42.67104	 0	 0.02951375	 0	 0	 0	 0.1212328	 0.01042798	 0	 0.1464564	 0.002900157	 0	 0	 0	 0	 0.03054303	 0.03235064	 0.004020391	 0.01284667	 0	 0	 0.1454006	 0	 0	 0.1850468	 0.007801716	 0.2511834	 0	 0.02027554	 0	 0
m5_S3_k1_eps0.1.P_eps.txt	5	5	189	7.655212	 0.02100413	 0.02051647	 0.07388457	 0.1507113	 0.04792527	 0.01216932	 0.01286786	 0	 0	 0	 0	 0	 0	 0.03720696	 0.2800034	 0	 0.110373	 0.003916081	 0.04427099	 0	 0	 0.103474	 0.06835225	 0	 0	 0	 0	 0.001774481	 0.01154979	 0
m5_S3_k1_eps0.2.P_eps.txt	5	1;3;2;5	356	50.79122	 0.0110104	 0.004364777	 0.04510821	 0.2055412	 0.1368751	 0.1627717	 0.077636	 0	 0	 0.02216984	 0.02201346	 0	 0.05230941	 0.01248502	 0	 0	 0.02172864	 0.00673961	 0	 0.05766602	 0	 0.06198872	 0.004533466	 0	 0.07946927	 0	 0.002454286	 0	 0.005774714	 0.007360116
m5_S3_k1_eps0.2.P_eps.txt	5	4	185	10.11735	 0.09347567	 0.2718482	 0	 0	 0	 0	 0	 0	 0.00791377	 0	 0.005385182	 0	 0.003392686	 0.4298481	 0.03296045	 0.02377831	 0	 0.007941154	 0.03783262	 0.0211195	 0	 0	 0.01943966	 0	 0	 0	 0	 0	 0.00794591	 0.03711878
m5_S3_k1_eps0.3.P_eps.txt	5	1;5;4	229	47.44068	 0	 0.01805149	 0	 0	 0.1570447	 0	 0.01627291	 0	 0	 0	 0.1272498	 0.01025598	 0	 0	 0.07843026	 0.04275484	 0.01019257	 0	 0.03434978	 0.02982147	 0.04793515	 0.06997535	 0.2060504	 0	 0	 0	 0.02538739	 0.03901159	 0.03758123	 0.04963508
m5_S3_k1_eps0.3.P_eps.txt	5	3;2	189	22.75412	 0.003612436	 0	 0	 0	 0	 0.01398266	 0	 0	 0.03658303	 0	 0.01834324	 0	 0	 0.06737185	 0	 0.03202298	 0.2624907	 0	 0.02187244	 0.01453007	 0.02640974	 0	 0.4740238	 0	 0.02194931	 0	 0	 0	 0.006807688	 0
m5_S3_k2_eps0.1.P_eps.txt	5	1;4	270	17.58627	 0	 0.008891921	 0.1391651	 0	 0.3541254	 0	 0.05259923	 0.004472899	 0	 0	 0.01495057	 0.06671633	 0	 0.1864852	 0	 0	 0.02292901	 0	 0	 0	 0	 0.07669463	 0.01087093	 0.01448979	 0	 0	 0.03602207	 0	 0	 0.01158688
m5_S3_k2_eps0.1.P_eps.txt	5	3;2	199	15.13838	 0.1619439	 0	 0	 0	 0	 0	 0.04211054	 0.03767999	 0.045591	 0.007169223	 0	 0.04059641	 0.03807347	 0	 0	 0.1209693	 0.03975195	 0	 0	 0.01424251	 0.05349738	 0	 0.01420881	 0	 0	 0.2887287	 0.09543685	 0	 0	 0
m5_S3_k2_eps0.1.P_eps.txt	5	5	116	8.320743	 0.03890503	 0.3690481	 0.1444668	 0	 0	 0	 0	 0.1193211	 0	 0	 0	 0.07372902	 0.001783427	 0	 0.08411494	 0.02391933	 0	 0	 0.02957493	 0	 0	 0	 0	 0	 0.08689907	 0.008126551	 0	 0	 0	 0.02011165
m5_S3_k2_eps0.2.P_eps.txt	5	1;5;4	116	42.58355	 0	 0.0569718	 0.01698898	 0	 0.1461913	 0	 0.04956205	 0	 0	 0.1007913	 0.04603527	 0	 0.1256859	 0.08279189	 0	 0	 0.03136575	 0.04672519	 0.009470149	 0	 0.1038097	 0	 0.08768921	 0.04144174	 0	 0	 0	 0	 0.05447977	 0
m5_S3_k2_eps0.2.P_eps.txt	5	3;2	259	21.59636	 0.009899878	 0.02255558	 0	 0	 0	 0.1206335	 0.004503331	 0.02600732	 0	 0	 0.0362655	 0.09348126	 0.04791752	 0.0302726	 0.04228233	 0.05420104	 0.09299848	 0.009857218	 0.01811031	 0	 0	 0	 0.02915744	 0.02218405	 0.07738651	 0.01381116	 0.03255263	 0	 0.2159224	 0
m5_S3_k2_eps0.3.P_eps.txt	5	1;2;5	479	58.38936	 0.009666772	 0.10018	 0	 0.08802051	 0.05555106	 0	 0	 0	 0.04021562	 0.04531841	 0.01972301	 0.05685297	 0	 0	 0	 0.1084586	 0	 0	 0	 0.07509709	 0.1558821	 0.005622854	 0.050882	 0	 0.01149728	 0.03861957	 0.1066901	 0.02136226	 0	 0.01035983
m5_S3_k2_eps0.3.P_eps.txt	5	3	141	12.94231	 0.006862462	 0.008758005	 0	 0	 0.3218064	 0.1242135	 0	 0.03231751	 0	 0	 0.1090306	 0	 0.06605796	 0	 0.04528411	 0	 0	 0.006556531	 0.04872851	 0	 0	 0.01904891	 0.02231614	 0	 0.1529429	 0	 0	 0	 0	 0.03607652
m5_S3_k2_eps0.3.P_eps.txt	5	4	143	17.18106	 0	 0.002752393	 0	 0	 0	 0	 0.01370287	 0	 0	 0	 0	 0.4381439	 0	 0	 0.005000568	 0	 0	 0	 0	 0.06327105	 0.06952404	 0.0714376	 0.08817723	 0	 0.0460569	 0.05793546	 0	 0.07721999	 0	 0.06677799
m5_S37_k0_eps0.1.P_eps.txt	5	1;3;2;5;4	435	42.58514	 0.01985508	 0.00304714	 0	 0	 0	 0.07658366	 0	 0.03023614	 0	 0	 0.008991004	 0.2597413	 0	 0.009541359	 0.009500177	 0.003462629	 0.2079513	 0.0227358	 0	 0	 0.1364858	 0.1307934	 0	 0.003468109	 0.03520435	 0.02891999	 0.01348282	 0	 0	 0
m5_S37_k0_eps0.2.P_eps.txt	5	1;3;2;5;4	682	58.80732	 0.009150724	 0.004950857	 0.02160763	 0.247188	 0.07254594	 0	 0.01859611	 0.03546364	 0	 0.05162292	 0	 0.03137705	 0	 0.009957391	 0.003222526	 0	 0.0670084	 0.01364308	 0.0344954	 0.05810126	 0.1263681	 0.01747644	 0.1222214	 0	 0.01879366	 0.03620942	 0	 0	 0	 0
m5_S37_k0_eps0.3.P_eps.txt	5	1;3;2;5;4	615	82.16186	 0	 0.04655149	 0	 0.01532583	 0.0336638	 0	 0.1574981	 0	 0.2023853	 0.1157001	 0	 0.03262785	 0	 0.0423054	 0	 0	 0.01229137	 0	 0.01474108	 0.004426956	 0.06245161	 0.06396329	 0.06890664	 0.004162387	 0	 0.04518319	 0	 0	 0.07423255	 0.003583089
m5_S37_k1_eps0.1.P_eps.txt	5	1;3;2;5;4	499	46.21197	 0.04809579	 0.1490543	 0	 0	 0	 0.05502748	 0	 0	 0	 0.03599832	 0	 0	 0	 0.08146196	 0.07174474	 0.1595608	 0	 0.090442	 0.01081658	 0.02536272	 0.1256582	 0.01609831	 0.0251142	 0	 0.08676809	 0.01879653	 0	 0	 0	 0
m5_S37_k1_eps0.2.P_eps.txt	5	1;3;2;5	369	42.78132	 0.06549199	 0	 0.02385454	 0.1032625	 0	 0.04474704	 0.008857105	 0	 0	 0	 0	 0.1277831	 0.1254131	 0.007328956	 0	 0.007154534	 0.04772343	 0	 0	 0	 0.02591458	 0	 0.009659522	 0.1639123	 0.1084818	 0.007695732	 0	 0.02822933	 0.09449031	 0
m5_S37_k1_eps0.2.P_eps.txt	5	4	35	6.567052	 0	 0	 0	 0	 0	 0.04685046	 0	 0	 0	 0.2106232	 0	 0	 0	 0.3641198	 0	 0	 0	 0	 0	 0	 0	 0	 0.05770486	 0.04468957	 0	 0	 0.08910855	 0	 0	 0.1869036
m5_S37_k1_eps0.3.P_eps.txt	5	1;3;5;4	330	61.00682	 0	 0.00824165	 0.0413076	 0	 0	 0	 0	 0	 0	 0	 0.06548342	 0.08685011	 0	 0	 0	 0.04648377	 0.02803237	 0.02735366	 0	 0	 0	 0.08343696	 0.150744	 0.1135487	 0.02277539	 0.01595643	 0.04361175	 0.03239261	 0.1611013	 0.07268025
m5_S37_k1_eps0.3.P_eps.txt	5	2	127	14.22576	 0	 0.01223602	 0	 0	 0.06827252	 0	 0	 0	 0.01829583	 0	 0.103861	 0	 0.06564765	 0.01848257	 0	 0	 0	 0.2220193	 0.04501861	 0	 0.04573807	 0	 0.1222447	 0.01483835	 0	 0.06219997	 0	 0	 0.2011455	 0
m5_S37_k2_eps0.1.P_eps.txt	5	1;3;5	278	26.62086	 0	 0	 0	 0.03418388	 0.08433868	 0	 0.001909709	 0	 0	 0	 0	 0.003262049	 0	 0.1748381	 0.002244237	 0	 0.04701584	 0	 0	 0.1533267	 0	 0.01007267	 0	 0	 0.03920185	 0	 0.228843	 0.07816195	 0	 0.1426014
m5_S37_k2_eps0.1.P_eps.txt	5	2	64	7.000359	 0	 0	 0	 0	 0.002949232	 0.013935	 0	 0	 0	 0	 0.01241459	 0.03017239	 0.02308553	 0	 0.2320601	 0.4626435	 0.008983919	 0	 0	 0.02581288	 0	 0	 0.02223437	 0	 0.03879079	 0	 0.04533862	 0	 0.08157913	 0
m5_S37_k2_eps0.1.P_eps.txt	5	4	55	4.689167	 0	 0	 0	 0	 0	 0.03921112	 0	 0	 0	 0.09834715	 0	 0	 0.2277053	 0.01711557	 0.004789305	 0	 0.1799271	 0	 0	 0	 0.2712553	 0	 0	 0	 0	 0.1616491	 0	 0	 0	 0
m5_S37_k2_eps0.2.P_eps.txt	5	1;3;2	349	35.9785	 0.02856556	 0	 0	 0	 0	 0.0209698	 0.002065323	 0.03852157	 0	 0	 0	 0.06223516	 0.1105858	 0	 0.02834853	 0.03721068	 0	 0.03652044	 0	 0.009988782	 0	 0.4286033	 0	 0	 0	 0.1092902	 0	 0	 0.04676679	 0.04032798
m5_S37_k2_eps0.2.P_eps.txt	5	5	73	11.32915	 0	 0	 0	 0.04563238	 0	 0	 0	 0	 0.1669592	 0.1395968	 0	 0.02833141	 0	 0.08068596	 0.1275156	 0.02930879	 0	 0.04496207	 0	 0	 0.0448923	 0.01984068	 0.03441157	 0.2139312	 0	 0	 0	 0	 0	 0.02393206
m5_S37_k2_eps0.2.P_eps.txt	5	4	85	9.84032	 0	 0	 0	 0	 0	 0	 0	 0.04609015	 0.2333538	 0	 0.06572765	 0	 0.01420858	 0	 0	 0.4849967	 0.004945669	 0	 0.02683307	 0	 0.0491305	 0.01181223	 0.02722894	 0	 0	 0	 0.0248815	 0.01079113	 0	 0
m5_S37_k2_eps0.3.P_eps.txt	5	1;3;5	191	40.5574	 0	 0.001537804	 0.2050105	 0	 0	 0	 0.01355445	 0	 0.1622554	 0	 0	 0.01205311	 0.2705646	 0.02045964	 0.002927311	 0.008353855	 0.07041039	 0.02903819	 0	 0.008144087	 0.02985715	 0	 0	 0.01661353	 0	 0	 0.14922	 0	 0	 0
m5_S37_k2_eps0.3.P_eps.txt	5	2	49	11.98349	 0	 0	 0	 0	 0	 0	 0.2289103	 0.2079423	 0	 0	 0.01522954	 0	 0	 0	 0.01548661	 0	 0	 0.04202587	 0.1067792	 0	 0	 0.1531614	 0	 0	 0.1676648	 0.05776629	 0.005033647	 0	 0	 0
m5_S37_k2_eps0.3.P_eps.txt	5	4	108	11.20153	 0.036163	 0.1433158	 0	 0	 0.01073197	 0.02235591	 0.0341628	 0	 0	 0.008297452	 0	 0	 0	 0	 0	 0	 0	 0.1799776	 0.08817838	 0.07816925	 0	 0	 0	 0	 0	 0.008229411	 0	 0.0665897	 0.224242	 0.09958672
m5_S45_k0_eps0.1.P_eps.txt	5	1;3;2;5;4	520	44.56247	 0	 0	 0.02542096	 0	 0	 0.01523859	 0	 0.03050003	 0.1418441	 0.01344585	 0.00757964	 0.04719774	 0.02497215	 0.01881852	 0.006655038	 0	 0.02734197	 0.3933207	 0.004876398	 0.007543136	 0	 0.02158774	 0	 0.0229395	 0	 0.05302773	 0.07687928	 0.0427066	 0.01810436	 0
m5_S45_k0_eps0.2.P_eps.txt	5	1;3;2;5;4	549	66.04638	 0.1481358	 0.08925004	 0.2033427	 0.01190806	 0	 0.04073205	 0.05855868	 0	 0.05668355	 0.05893229	 0.08180026	 0	 0	 0.01728383	 0.03711833	 0.005146305	 0.1390352	 0.008974144	 0.003587275	 0	 0	 0	 0.008642072	 0	 0	 0.0272209	 0	 0	 0	 0.003648474
m5_S45_k0_eps0.3.P_eps.txt	5	1;3;2;5;4	537	72.0038	 0	 0.2273069	 0	 0	 0	 0	 0	 0	 0	 0.02747539	 0	 0	 0	 0	 0	 0.02259545	 0	 0.6634026	 0.006104643	 0	 0	 0	 0	 0	 0	 0	 0	 0.053115	 0	 0
m5_S45_k1_eps0.1.P_eps.txt	5	1;3;2;5	335	29.51938	 0	 0.001688118	 0	 0	 0	 0	 0	 0.06840556	 0.2697198	 0	 0	 0	 0.02235255	 0	 0.01119136	 0.1562506	 0	 0	 0	 0.01483348	 0.04381407	 0	 0.003359207	 0.1374639	 0	 0.03411533	 0.0344938	 0.002827053	 0	 0.1994852
m5_S45_k1_eps0.1.P_eps.txt	5	4	32	3.738764	 0	 0	 0	 0	 0	 0.1051466	 0.07717618	 0	 0	 0	 0.1324321	 0	 0	 0.0864208	 0	 0	 0	 0.2273712	 0.2342598	 0	 0	 0	 0.08382733	 0	 0	 0	 0.05336599	 0	 0	 0
m5_S45_k1_eps0.2.P_eps.txt	5	1;3;2;4	492	44.27485	 0	 0.02491667	 0	 0.09365258	 0.0008799321	 0	 0	 0.2258147	 0.005939615	 0.01476573	 0.07277349	 0.02506524	 0	 0.01202059	 0.06788459	 0.01969462	 0	 0	 0	 0.08513095	 0.03021972	 0.01269567	 0	 0.05438744	 0.007445383	 0.2467131	 0	 0	 0	 0
m5_S45_k1_eps0.2.P_eps.txt	5	5	158	7.49976	 0.02028719	 0.1558743	 0	 0	 0	 0.07338662	 0.01526584	 0	 0	 0.02779365	 0	 0	 0.1724142	 0	 0	 0.03999342	 0.0340377	 0	 0.01762301	 0.0862633	 0	 0	 0.02192704	 0.005261373	 0.04784973	 0.02314672	 0.03100974	 0	 0.2278662	 0
m5_S45_k1_eps0.3.P_eps.txt	5	1	112	14.07738	 0.03001267	 0	 0.1025719	 0.1100005	 0.1247914	 0.03771389	 0	 0	 0	 0.03637648	 0	 0.02443216	 0.05997341	 0.02608835	 0.01499916	 0	 0.09529299	 0	 0	 0.01341098	 0.01242296	 0.1696135	 0.04045714	 0.02819579	 0	 0	 0	 0.0289527	 0.01234461	 0.03234931
m5_S45_k1_eps0.3.P_eps.txt	5	3;2;5;4	409	57.74615	 0.01626126	 0.04157495	 0	 0	 0.1688119	 0	 0	 0.03283895	 0	 0.1233446	 0	 0.02263495	 0	 0	 0	 0.03782983	 0.1584176	 0	 0.008507949	 0.006362895	 0.03895366	 0.09454803	 0	 0	 0	 0.09750241	 0.1245281	 0	 0.02788283	 0
m5_S45_k2_eps0.1.P_eps.txt	5	1	41	5.461383	 0.06897554	 0.01512173	 0	 0	 0	 0.009671923	 0.01581384	 0	 0	 0.1033811	 0	 0.2755681	 0.270873	 0	 0.05349079	 0	 0.0552892	 0	 0	 0	 0.08503746	 0	 0.02518719	 0	 0	 0	 0	 0.02159003	 0	 0
m5_S45_k2_eps0.1.P_eps.txt	5	3;4	318	15.67004	 0.006778965	 0.01518487	 0	 0	 0.000512693	 0.01414742	 0.0248507	 0.00613686	 0.176078	 0.113426	 0.04689526	 0.1006408	 0	 0	 0.04811627	 0	 0.02192841	 0	 0.05564115	 0	 0.03489088	 0	 0.01153955	 0	 0.1177128	 0.02138904	 0.09226513	 0.07725518	 0	 0.01460992
m5_S45_k2_eps0.1.P_eps.txt	5	2;5	164	16.97066	 0	 0.01276982	 0	 0	 0	 0.05929061	 0.2009762	 0	 0	 0	 0.03062398	 0	 0.2157415	 0.02383115	 0	 0	 0.04517931	 0	 0.1968937	 0	 0	 0	 0.01074207	 0.02391403	 0	 0.1003495	 0.07968816	 0	 0	 0
m5_S45_k2_eps0.2.P_eps.txt	5	1;3;2;5	346	44.00974	 0.02678744	 0.04848634	 0.1152236	 0	 0.08865207	 0.06987068	 0.0248923	 0	 0	 0.0983931	 0.1875479	 0	 0	 0.005723892	 0.0407982	 0	 0.003753104	 0.1425246	 0	 0.009289683	 0.01791188	 0	 0	 0	 0.01513344	 0.04619123	 0	 0.03057316	 0.02824736	 0
m5_S45_k2_eps0.2.P_eps.txt	5	4	120	9.771411	 0.5748537	 0.02473738	 0	 0.009537704	 0.02378221	 0	 0.08158066	 0.003929982	 0.008054168	 0.02555936	 0	 0	 0	 0	 0	 0.1539228	 0	 0	 0.01759015	 0	 0.03700918	 0	 0	 0	 0.01799614	 0	 0	 0	 0.02144655	 0
m5_S45_k2_eps0.3.P_eps.txt	5	1	74	12.57277	 0	 0	 0	 0.0445273	 0.0820697	 0	 0.005535444	 0	 0	 0.02986118	 0.03630796	 0.08578858	 0	 0.1337397	 0	 0	 0.01526786	 0	 0.07737669	 0	 0.07795291	 0	 0.1207915	 0.0570167	 0.07480252	 0.04501794	 0.07851158	 0.03543246	 0	 0
m5_S45_k2_eps0.3.P_eps.txt	5	3;2;4	511	49.48133	 0.04721189	 0.02746699	 0.04548989	 0.1804487	 0.01605414	 0	 0.004425904	 0	 0	 0	 0	 0.03027072	 0.1691282	 0.01379526	 0	 0	 0.1091661	 0	 0.063464	 0.006227215	 0.004259815	 0.03106159	 0.008915426	 0	 0	 0	 0	 0.05833137	 0	 0.1842829
m5_S45_k2_eps0.3.P_eps.txt	5	5	166	14.81975	 0	 0.09462603	 0.08881208	 0.03118207	 0.003576886	 0.00560293	 0.009951927	 0	 0.01537072	 0.02111755	 0.1384594	 0.02992413	 0	 0.154639	 0.009338504	 0	 0	 0.1101735	 0.005780564	 0.0181438	 0	 0.1381863	 0.005938754	 0	 0.07867056	 0	 0.02967784	 0	 0	 0.01082743
m5_S5_k0_eps0.1.P_eps.txt	5	1;3;2;5;4	443	40.68654	 0.01655501	 0.05005094	 0	 0	 0	 0	 0.01263866	 0	 0.2313586	 0	 0.01695143	 0	 0	 0.08089991	 0.2157142	 0	 0.01554544	 0	 0.01102154	 0	 0.03813263	 0	 0.008460319	 0	 0	 0	 0	 0.01944428	 0.2271271	 0.05609991
m5_S5_k0_eps0.2.P_eps.txt	5	1;3;2;5;4	451	64.75565	 0	 0	 0	 0	 0.07706585	 0.04120292	 0.02335801	 0	 0.05610462	 0.008656365	 0	 0	 0.1855958	 0.1002552	 0.009651121	 0.05694791	 0.01492445	 0	 0.009100015	 0.01353956	 0	 0	 0.2004782	 0	 0.01493608	 0.08754216	 0	 0	 0.1006418	 0
m5_S5_k0_eps0.3.P_eps.txt	5	1;3;2;5;4	682	80.59529	 0	 0.09235516	 0.004885614	 0	 0	 0.002774887	 0.02400318	 0.04157578	 0.0269417	 0.04879814	 0.1351946	 0.006616764	 0	 0.008783631	 0.01491418	 0.01751658	 0.06157963	 0	 0.3087615	 0.00736369	 0.00344757	 0	 0	 0	 0.02405716	 0	 0	 0.01389913	 0	 0.1565312
m5_S5_k1_eps0.1.P_eps.txt	5	1;2;5;4	191	27.00261	 0	 0.2889009	 0	 0	 0	 0	 0.08790062	 0	 0	 0	 0.01134058	 0	 0.1621123	 0	 0.06048797	 0.06364365	 0	 0	 0.06398419	 0	 0.007159991	 0	 0	 0	 0	 0.211839	 0	 0	 0.03447473	 0.008156171
m5_S5_k1_eps0.1.P_eps.txt	5	3	45	5.286231	 0.09268872	 0.008248092	 0	 0	 0	 0	 0	 0	 0	 0.005267814	 0	 0	 0.05929987	 0.4467386	 0.0355207	 0	 0.05006784	 0.1077036	 0.03876197	 0	 0.008987648	 0	 0.0456523	 0.07453715	 0	 0	 0	 0	 0.02652567	 0
m5_S5_k1_eps0.2.P_eps.txt	5	1;3;2;5;4	435	67.08921	 0.143063	 0.01408075	 0	 0.003975577	 0.006493218	 0	 0.008884077	 0.04023553	 0	 0.005289463	 0.04992774	 0.1090362	 0	 0	 0.002057842	 0.004641895	 0.04480417	 0	 0.01059264	 0.02792781	 0.02360763	 0	 0.1639269	 0	 0.03987868	 0.03307792	 0.2370011	 0	 0.03149788	 0
m5_S5_k1_eps0.3.P_eps.txt	5	1;3;2;5;4	366	90.85758	 0.0456896	 0.006091143	 0.006608518	 0.1237663	 0.1130748	 0.0347851	 0.07380648	 0	 0	 0.1770703	 0.07897236	 0	 0	 0.0815498	 0.00760405	 0.005675012	 0	 0.1048637	 0	 0.07978445	 0	 0	 0.02073972	 0.01709778	 0.01845509	 0	 0	 0.004365844	 0	 0
m5_S5_k2_eps0.1.P_eps.txt	5	1;3;2;4	469	55.04033	 0.008969359	 0	 0	 0	 0	 0	 0.002927946	 0.1476819	 0.06369519	 0.01699003	 0.1166223	 0.0463896	 0	 0.1700417	 0	 0.02743705	 0.04935785	 0.109891	 0.04728948	 0.04819141	 0.004927075	 0	 0	 0	 0.0333247	 0	 0	 0.008341569	 0.04939211	 0.04852978
m5_S5_k2_eps0.1.P_eps.txt	5	5	180	10.30501	 0.3090925	 0.06881458	 0.09927928	 0	 0.09316361	 0.01409109	 0.005132898	 0	 0	 0	 0	 0	 0.1382228	 0.02118983	 0	 0.004702231	 0	 0	 0	 0.04467389	 0.1064522	 0	 0.02823406	 0	 0	 0	 0	 0	 0.06695101	 0
m5_S5_k2_eps0.2.P_eps.txt	5	1;3;5	251	29.65544	 0.03834116	 0.02676631	 0.006294154	 0.07918135	 0.06794364	 0.2462111	 0.004221625	 0.09866017	 0.01037012	 0	 0.07660131	 0.1163754	 0	 0	 0.01068607	 0	 0.02261357	 0	 0.08772497	 0	 0.01772004	 0.06441256	 0	 0.0188034	 0	 0	 0.007073066	 0	 0	 0
m5_S5_k2_eps0.2.P_eps.txt	5	2	103	12.73372	 0.05839898	 0.1160985	 0	 0.02825895	 0.1180896	 0	 0	 0.04158314	 0.01066908	 0	 0	 0	 0	 0.09854641	 0	 0.2284382	 0.008882039	 0	 0.1016276	 0	 0.0978503	 0	 0.02765289	 0.007693732	 0	 0	 0	 0.05621058	 0	 0
m5_S5_k2_eps0.2.P_eps.txt	5	4	190	9.330485	 0.04644865	 0	 0	 0	 0	 0	 0.05734386	 0	 0.01767567	 0	 0.05375239	 0	 0	 0.06495474	 0.113338	 0.09882722	 0	 0.00560004	 0.05599478	 0	 0.005353336	 0.1074156	 0.007275011	 0	 0	 0	 0.3660207	 0	 0	 0
m5_S5_k2_eps0.3.P_eps.txt	5	1;2;4	356	47.93375	 0.007794258	 0.01482677	 0.1103053	 0.007325369	 0.04335533	 0.02665042	 0.005793665	 0.02107301	 0	 0	 0	 0	 0	 0.2161061	 0.008231852	 0.02808982	 0	 0.03183089	 0	 0	 0	 0.09053693	 0.003484224	 0.02334684	 0.1615222	 0	 0.006774063	 0	 0.1840146	 0.008938391
m5_S5_k2_eps0.3.P_eps.txt	5	3	157	12.25858	 0.002651054	 0.09310747	 0	 0.01212395	 0.006237656	 0.03759868	 0	 0.08497512	 0.2600122	 0	 0	 0	 0.01246977	 0	 0.1546012	 0	 0	 0.0170362	 0.02627344	 0.009909036	 0	 0	 0.01422078	 0	 0.04200487	 0	 0.2204392	 0.006339339	 0	 0
m5_S5_k2_eps0.3.P_eps.txt	5	5	189	11.35784	 0	 0.02151081	 0.1510222	 0.03961226	 0	 0	 0.027317	 0	 0.04023085	 0.003823148	 0	 0.09602856	 0.183962	 0	 0.004405865	 0	 0	 0.05040419	 0.1226375	 0.06041062	 0	 0	 0.005813063	 0	 0.01771402	 0.05804951	 0.06561892	 0.01445934	 0	 0.03698018
m5_S62_k0_eps0.1.P_eps.txt	5	1;3;2;5;4	484	44.50237	 0.07191911	 0.1282771	 0	 0.03598411	 0.05014793	 0	 0	 0.03908457	 0	 0.003107295	 0.06318889	 0.05963523	 0	 0	 0.1817112	 0.02145698	 0.08006589	 0.001632018	 0.05052573	 0.03360147	 0.0001591229	 0	 0.02508578	 0	 0.02193793	 0.03842158	 0.03039828	 0.06365973	 0	 0
m5_S62_k0_eps0.2.P_eps.txt	5	1;3;2;5;4	331	52.7383	 0	 0.01903333	 0	 0	 0.02323778	 0	 0.03428102	 0	 0	 0.003853222	 0.06512515	 0	 0	 0.2300955	 0.002619055	 0.04639096	 0	 0.01582111	 0.04069284	 0.04698523	 0.09493747	 0.1475027	 0.0790761	 0	 0	 0.01637537	 0	 0.08769417	 0.04064666	 0.005632294
m5_S62_k0_eps0.3.P_eps.txt	5	1;3;2;5;4	565	76.58932	 0.03174298	 0.07081906	 0	 0.04214726	 0	 0.02982671	 0	 0.02658496	 0.1102096	 0.009071813	 0	 0	 0	 0	 0.006007048	 0.005373076	 0.05558049	 0	 0.02776084	 0	 0	 0	 0.06458234	 0	 0.0514534	 0.06783147	 0	 0.3023903	 0.01188939	 0.0867292
m5_S62_k1_eps0.1.P_eps.txt	5	1;3;2;5;4	428	51.2759	 0.004749757	 0.002322206	 0	 0	 0.05583644	 0	 0.009237517	 0	 0	 0.01767239	 0	 0.02340549	 0.06038629	 0.1507451	 0	 0.02059475	 0	 0	 0.08335509	 0.4225746	 0.02033215	 0.04543926	 0	 0.003806784	 0	 0.006477773	 0.02639868	 0.04666575	 0	 0
m5_S62_k1_eps0.2.P_eps.txt	5	1;2;5;4	607	45.62806	 0.001668482	 0.06352804	 0.008966815	 0	 0	 0	 0	 0	 0	 0	 0.02623581	 0	 0	 0	 0.08686285	 0.02317298	 0	 0	 0.3038973	 0	 0.1332584	 0.02349822	 0.257315	 0	 0.05032293	 0	 0	 0	 0.02127317	 0
m5_S62_k1_eps0.2.P_eps.txt	5	3	165	10.58177	 0.02123138	 0.01040156	 0	 0	 0	 0	 0.06165871	 0.1108672	 0	 0.008861363	 0	 0.04374324	 0.0580302	 0.04794393	 0	 0.1029121	 0	 0.2194912	 0.01629424	 0.07759059	 0.06012314	 0.03143744	 0.0484509	 0	 0	 0	 0.05648394	 0	 0.0244788	 0
m5_S62_k1_eps0.3.P_eps.txt	5	1;2;5;4	537	64.92527	 0	 0.01143546	 0.06351015	 0.03363971	 0.06320645	 0.03164344	 0.0185546	 0	 0	 0	 0	 0	 0	 0.09610402	 0	 0	 0.1725476	 0	 0	 0.0184933	 0.01781133	 0	 0	 0.0188929	 0.06782689	 0.05656928	 0	 0	 0.224505	 0.1052598
m5_S62_k1_eps0.3.P_eps.txt	5	3	192	14.71884	 0.04075236	 0.1176145	 0.02824527	 0.03661144	 0.1285137	 0	 0.006978229	 0.03520128	 0.008687586	 0.01333555	 0.2566585	 0	 0	 0	 0.0912334	 0	 0.08547642	 0	 0	 0.09670356	 0.02150034	 0	 0.00870038	 0	 0	 0	 0	 0.004782696	 0	 0.01900478
m5_S62_k2_eps0.1.P_eps.txt	5	1;3;5	464	24.82368	 0	 0.03862676	 0	 0	 0	 0	 0.005151472	 0.06409894	 0	 0.2788447	 0	 0	 0	 0.1701183	 0	 0	 0.2299076	 0.00577352	 0	 0	 0.09871698	 0	 0.00940585	 0	 0.01004695	 0	 0	 0.05849111	 0.03081783	 0
m5_S62_k2_eps0.1.P_eps.txt	5	2	125	6.863602	 0.08706405	 0.1770165	 0	 0	 0	 0	 0.04552392	 0	 0	 0.1306455	 0	 0	 0	 0.04574232	 0.01557237	 0	 0	 0.1347986	 0	 0	 0.2926502	 0	 0.02651308	 0	 0	 0	 0.04447339	 0	 0	 0
m5_S62_k2_eps0.1.P_eps.txt	5	4	155	7.872307	 0.005264843	 0	 0	 0	 0.06016499	 0	 0	 0.07727852	 0.03731464	 0.2585728	 0	 0.01761556	 0	 0	 0	 0.01055702	 0.03243462	 0.003660928	 0.03427696	 0.1824672	 0.04923696	 0	 0.02986673	 0	 0	 0	 0	 0.1258134	 0.01897809	 0.05649673
m5_S62_k2_eps0.2.P_eps.txt	5	1;5;4	354	35.96667	 0.002306127	 0.06364662	 0.0123857	 0	 0	 0.03800419	 0.009608357	 0	 0.1376358	 0.05626894	 0	 0.06867438	 0	 0	 0	 0.2449404	 0.06712227	 0.0189876	 0	 0	 0.04728507	 0.01346521	 0	 0.05040454	 0.1279108	 0	 0.03641483	 0.004939195	 0	 0
m5_S62_k2_eps0.2.P_eps.txt	5	3	75	9.716547	 0.04759328	 0	 0	 0.1203816	 0	 0.1166543	 0.05386078	 0	 0	 0.0878624	 0	 0	 0	 0.03675956	 0.028178	 0.04612246	 0	 0.09968942	 0	 0.0338806	 0	 0	 0.05679706	 0.1360687	 0	 0	 0	 0.02501471	 0	 0.1111371
m5_S62_k2_eps0.2.P_eps.txt	5	2	74	9.675904	 0.1383718	 0.01612518	 0	 0	 0.002237118	 0.03013655	 0	 0	 0	 0.007869069	 0	 0.1331619	 0	 0.1324429	 0	 0.1866027	 0.007284872	 0	 0.0968288	 0	 0	 0.01257257	 0.04215318	 0	 0	 0	 0	 0.03364155	 0.03750977	 0.1230621
m5_S62_k2_eps0.3.P_eps.txt	5	1;3;2	281	46.58833	 0.2313119	 0.06888937	 0.1369876	 0.02559123	 0	 0.07455032	 0.03559714	 0	 0.01239478	 0.002267342	 0.009574413	 0	 0	 0.06051977	 0	 0	 0.127262	 0.06298132	 0.03267486	 0.014373	 0.02363355	 0.05127723	 0.005491538	 0	 0	 0	 0.01419829	 0.01042431	 0	 0
m5_S62_k2_eps0.3.P_eps.txt	5	5	109	15.71307	 0	 0	 0	 0.07457074	 0.07261254	 0.0259269	 0.01622627	 0	 0	 0	 0	 0	 0	 0.043111	 0.04562179	 0.04933692	 0.01738844	 0.01824993	 0.04551917	 0.1805041	 0	 0	 0	 0.01040512	 0.03219806	 0.1210604	 0	 0.2080316	 0	 0.03923699
m5_S62_k2_eps0.3.P_eps.txt	5	4	41	7.805613	 0	 0.4319251	 0	 0	 0	 0	 0	 0	 0	 0.0217653	 0	 0.05065146	 0	 0	 0.2359754	 0	 0	 0.01194497	 0	 0	 0	 0	 0.04522158	 0	 0	 0.1133271	 0.08918907	 0	 0	 0
m5_S66_k0_eps0.1.P_eps.txt	5	1;3;2;5;4	448	46.06005	 0.005258034	 0.03996595	 0	 0	 0	 0.0465825	 0	 0.01084071	 0.01577104	 0	 0	 0	 0	 0.0355201	 0	 0	 0.1074921	 0.0042305	 0	 0	 0.09270158	 0.1428082	 0	 0.08492063	 0.04758267	 0	 0.306462	 0.04527508	 0.01458893	 0
m5_S66_k0_eps0.2.P_eps.txt	5	1;3;2;5;4	408	51.27769	 0.03653606	 0.09821863	 0	 0	 0	 0	 0.0363373	 0	 0.05268225	 0	 0	 0.2604326	 0	 0.1558277	 0	 0.07334803	 0.1661322	 0.01354926	 0	 0	 0.01490245	 0	 0	 0	 0	 0.04058488	 0	 0	 0.05144866	 0
m5_S66_k0_eps0.3.P_eps.txt	5	1;3;2;5;4	495	79.1595	 0.02861109	 0.03807256	 0.07004414	 0.05662919	 0	 0.08020886	 0.004873524	 0	 0	 0.02790059	 0.1638045	 0	 0	 0.004561177	 0	 0	 0.004881364	 0	 0	 0.004054279	 0.06865036	 0.0327985	 0	 0.01606294	 0	 0	 0.03781971	 0.3114847	 0.04954251	 0
m5_S66_k1_eps0.1.P_eps.txt	5	1;3;2;4	416	31.38105	 0	 0.07326311	 0	 0	 0	 0	 0.0171748	 0	 0.2025338	 0.04175278	 0.0104999	 0	 0	 0	 0.06295119	 0	 0	 0.004049709	 0	 0.09123134	 0	 0	 0.402327	 0	 0	 0.01986408	 0.03799882	 0.02290783	 0.01228267	 0.0011629
m5_S66_k1_eps0.1.P_eps.txt	5	5	137	9.105426	 0.01917288	 0.01205058	 0	 0	 0	 0	 0	 0	 0	 0.2127272	 0	 0.06927635	 0	 0.07947013	 0	 0.0321783	 0.009021417	 0.05084331	 0.07213094	 0	 0.01063489	 0	 0.02647795	 0	 0.2135719	 0	 0	 0.1504625	 0.04198159	 0
m5_S66_k1_eps0.2.P_eps.txt	5	1;3;5;4	629	46.68284	 0	 0.004052666	 0.0204711	 0.0259282	 0.05308516	 0	 0.002119302	 0.01767522	 0	 0	 0.01259174	 0.002150301	 0	 0.005148502	 0.003148069	 0	 0.1560642	 0	 0.009820224	 0.0272097	 0.01474083	 0.05598594	 0.03594946	 0.1350373	 0.02766999	 0.1540651	 0.02908834	 0	 0.2051299	 0.002868686
m5_S66_k1_eps0.2.P_eps.txt	5	2	106	10.40013	 0.04026278	 0.01439883	 0.3333822	 0	 0	 0	 0	 0	 0	 0.03344444	 0	 0	 0	 0.2071519	 0.09764506	 0	 0	 0	 0	 0	 0.1921013	 0	 0	 0	 0.007162132	 0	 0	 0	 0.02279668	 0.05165464
m5_S66_k1_eps0.3.P_eps.txt	5	1;3;2;5;4	359	82.53666	 0.08202023	 0	 0	 0	 0.02205761	 0.01510494	 0	 0	 0	 0	 0.05291755	 0.01137851	 0.1147311	 0	 0.1702781	 0.02496321	 0.009913012	 0	 0.02132717	 0	 0.02031947	 0.005540694	 0.03306465	 0.006981087	 0.2140794	 0.008502273	 0.1571878	 0.02963315	 0	 0
m5_S66_k2_eps0.1.P_eps.txt	5	1;3;5	179	19.02056	 0	 0.2998778	 0	 0	 0.0009669087	 0	 0	 0	 0	 0.06046995	 0.01343978	 0.02707611	 0.003537561	 0.01441791	 0	 0	 0.02608348	 0.03674142	 0	 0.009594188	 0.02691271	 0	 0.02878205	 0.09731621	 0	 0.06133152	 0	 0	 0.2934524	 0
m5_S66_k2_eps0.1.P_eps.txt	5	2	153	7.575926	 0.01673434	 0	 0.03540762	 0.01581177	 0.04630354	 0	 0.004010918	 0	 0.005433006	 0.001977915	 0	 0.03382366	 0.02262867	 0	 0.006840981	 0	 0	 0.03355938	 0	 0.06384965	 0.1542544	 0.002927972	 0	 0.1359897	 0.2571062	 0.07984571	 0.07348996	 0	 0	 0.01000463
m5_S66_k2_eps0.1.P_eps.txt	5	4	166	8.555113	 0	 0.003712433	 0.3253823	 0	 0	 0	 0	 0.0322496	 0.1401731	 0.05390587	 0	 0.1508682	 0	 0.0246786	 0.007148262	 0	 0.04440238	 0.1054089	 0.01362315	 0	 0.01438949	 0	 0.01204336	 0	 0	 0.02406442	 0	 0.04794986	 0	 0
m5_S66_k2_eps0.2.P_eps.txt	5	1;3;5	393	35.11621	 0	 0	 0.02732544	 0	 0	 0.01901182	 0	 0.3233194	 0.005914686	 0	 0	 0	 0.1641209	 0.03421762	 0.02679898	 0	 0.2268129	 0.0003457523	 0	 0.03985122	 0.06684346	 0	 0.005809551	 0	 0	 0.01949328	 0	 0.00730324	 0.0328317	 0
m5_S66_k2_eps0.2.P_eps.txt	5	2	176	12.54747	 0.05484617	 0	 0.01450555	 0.00636184	 0	 0.01511134	 0.09781996	 0.03202298	 0	 0.007879329	 0.07260067	 0	 0.229923	 0.06175104	 0.01316053	 0.06335397	 0.02451841	 0.008097679	 0	 0.03623459	 0	 0	 0.005355916	 0.2143634	 0	 0	 0.02440252	 0	 0.01769112	 0
m5_S66_k2_eps0.2.P_eps.txt	5	4	181	9.13203	 0	 0.0101524	 0	 0	 0	 0	 0	 0.0277222	 0	 0.1327801	 0	 0.262498	 0.05411173	 0.014482	 0	 0.05932204	 0	 0.005297463	 0	 0.01721237	 0.1837251	 0	 0.04008869	 0	 0	 0.03657216	 0.1109651	 0.04507065	 0	 0
m5_S66_k2_eps0.3.P_eps.txt	5	1;3;2;5	270	70.01286	 0	 0	 0	 0.02988943	 0	 0	 0	 0	 0	 0	 0	 0.1157421	 0.01774722	 0	 0.0240799	 0.1733309	 0.01860478	 0	 0	 0.03102502	 0	 0	 0.05487939	 0.1919668	 0.2141402	 0.02617843	 0	 0.03411803	 0.0202047	 0.04809305
m5_S66_k2_eps0.3.P_eps.txt	5	4	169	16.2191	 0.02223065	 0	 0.06816686	 0.05503832	 0	 0	 0.06422459	 0	 0	 0	 0	 0	 0.2787154	 0	 0.08839026	 0	 0	 0.1833862	 0	 0.02805387	 0.004859789	 0.02957806	 0	 0.03288055	 0.01045677	 0	 0	 0.1340187	 0	 0
m5_S69_k0_eps0.1.P_eps.txt	5	1;3;2;5;4	532	40.2437	 0	 0.1496073	 0	 0	 0	 0.02472615	 0.2463929	 0.08052612	 0.01172766	 0.03415008	 0.007997484	 0.04986927	 0	 0.09563079	 0	 0.03255897	 0	 0	 0.0346843	 0.005193343	 0	 0.03846323	 0.007783367	 0	 0	 0.1075268	 0.01558977	 0	 0.04510528	 0.01246717
m5_S69_k0_eps0.2.P_eps.txt	5	1;3;2;5;4	436	50.68447	 0.1024489	 0.01398494	 0	 0	 0	 0	 0	 0	 0	 0.1315412	 0.0516535	 0	 0	 0	 0	 0	 0.005248185	 0.3184035	 0	 0	 0.008038745	 0.09249514	 0.008043737	 0	 0.06561001	 0	 0	 0.09989597	 0.05648037	 0.0461558
m5_S69_k0_eps0.3.P_eps.txt	5	1;3;2;5;4	674	77.69507	 0	 0.004248663	 0	 0.01235552	 0	 0	 0.04537	 0.3242449	 0.04658899	 0.05347505	 0.01378251	 0	 0	 0.1507667	 0.004748896	 0	 0	 0.1111321	 0	 0.01304507	 0.01701246	 0	 0.01348242	 0	 0	 0.06688305	 0.0359108	 0.01324128	 0	 0.07371161
m5_S69_k1_eps0.1.P_eps.txt	5	1;3;5;4	516	32.58607	 0.1473872	 0	 0	 0	 0	 0.02263997	 0.1272516	 0	 0	 0	 0.004931014	 0.1359524	 0	 0	 0	 0.003868717	 0	 0	 0	 0	 0.06166485	 0.233025	 0.008059584	 0	 0.184607	 0.05614685	 0.01446575	 0	 0	 0
m5_S69_k1_eps0.1.P_eps.txt	5	2	144	6.696521	 0.01647616	 0	 0	 0.02342554	 0.02816122	 0.02230235	 0.05459699	 0	 0.02601856	 0.02233733	 0.2393915	 0.02587302	 0.09679087	 0.03460926	 0	 0	 0.02002652	 0	 0.006814717	 0.03669083	 0.0244588	 0.1491664	 0.03909718	 0.003466972	 0	 0	 0	 0.1077358	 0.02255989	 0
m5_S69_k1_eps0.2.P_eps.txt	5	1;3;2	264	33.6398	 0	 0	 0	 0.04530309	 0	 0.08311404	 0.0756188	 0.193011	 0.01305643	 0.08674566	 0.003323605	 0	 0	 0.009122854	 0	 0	 0.1895007	 0.01400526	 0	 0	 0	 0.1349401	 0.04706924	 0	 0.05524603	 0	 0	 0	 0.04994314	 0
m5_S69_k1_eps0.2.P_eps.txt	5	5;4	91	21.60633	 0	 0.006060384	 0	 0	 0	 0.1008162	 0.06601369	 0	 0.1649358	 0.06178172	 0	 0	 0	 0	 0.5222175	 0	 0.01733313	 0	 0	 0	 0	 0	 0.01960734	 0	 0	 0	 0.04123427	 0	 0	 0
m5_S69_k1_eps0.3.P_eps.txt	5	1;2;5;4	453	57.31941	 0.004885038	 0.1601729	 0.0105306	 0.01574438	 0	 0	 0.001738704	 0.008220505	 0.1955372	 0.01312695	 0.07173176	 0	 0	 0	 0.03354325	 0	 0.01725724	 0	 0.02270754	 0	 0.06695759	 0.02631301	 0.07835492	 0	 0	 0	 0	 0.1298107	 0.01660492	 0.1267629
m5_S69_k1_eps0.3.P_eps.txt	5	3	70	12.68681	 0.09451701	 0	 0	 0.07604142	 0.08078801	 0	 0.01262457	 0.02604804	 0	 0.01292747	 0.06350794	 0	 0	 0.1468218	 0	 0	 0	 0	 0.08270157	 0	 0	 0.1975167	 0.008609168	 0.1394358	 0	 0	 0	 0	 0.05846044	 0
m5_S69_k2_eps0.1.P_eps.txt	5	1;5;4	311	28.36629	 0	 0	 0	 0	 0.02747373	 0	 0.00303468	 0	 0	 0.01812258	 0	 0	 0	 0.1112373	 0.3060785	 0.01334345	 0.0101205	 0.005584746	 0.03207294	 0.09027388	 0	 0	 0	 0.04033981	 0	 0.1384082	 0.13182	 0.0610568	 0.01103289	 0
m5_S69_k2_eps0.1.P_eps.txt	5	3	129	7.310448	 0.007166747	 0.0287658	 0	 0	 0	 0	 0.01901447	 0	 0	 0.05987281	 0	 0.03000831	 0	 0	 0.08560154	 0.04529127	 0	 0.03192602	 0.02703249	 0.06757325	 0	 0.4024815	 0	 0.009763772	 0.08511503	 0	 0.100387	 0	 0	 0
m5_S69_k2_eps0.1.P_eps.txt	5	2	153	8.565671	 0	 0.04512551	 0.05466094	 0.06497993	 0	 0	 0.1286025	 0.02445246	 0	 0	 0.004071369	 0.2366231	 0	 0.04886638	 0	 0.1358423	 0.07197969	 0.02376612	 0.04024695	 0.02277251	 0.04539704	 0	 0.01831004	 0	 0	 0.005216196	 0.02908702	 0	 0	 0
m5_S69_k2_eps0.2.P_eps.txt	5	1;2	179	17.8819	 0	 0.02102097	 0	 0.08251868	 0	 0	 0.1228458	 0	 0.02818263	 0.003267684	 0	 0	 0.08141568	 0.002322653	 0	 0.05876066	 0.1351221	 0.008453856	 0	 0	 0.05745635	 0	 0	 0	 0	 0	 0.02770463	 0.2637055	 0	 0.1072228
m5_S69_k2_eps0.2.P_eps.txt	5	3	103	10.85788	 0	 0	 0	 0	 0	 0	 0.03886779	 0	 0	 0	 0	 0.04085608	 0	 0	 0	 0	 0.07630771	 0.01618249	 0	 0	 0	 0	 0.0066141	 0.2347485	 0	 0.1136402	 0	 0.4727831	 0	 0
m5_S69_k2_eps0.2.P_eps.txt	5	5;4	203	23.80643	 0.01623261	 0	 0.148871	 0.1225935	 0	 0	 0	 0	 0	 0	 0.1543534	 0.05588539	 0.1135864	 0	 0.03764678	 0.06369299	 0.018532	 0	 0	 0	 0	 0	 0.02540014	 0	 0.09614549	 0	 0	 0.1260881	 0	 0.02097216
m5_S69_k2_eps0.3.P_eps.txt	5	1;3	294	33.46162	 0	 0	 0	 0	 0	 0.2052943	 0.07283081	 0	 0.1958052	 0	 0	 0.01082149	 0	 0	 0.0765412	 0.02884396	 0.001642314	 0	 0	 0	 0.01811329	 0	 0	 0.03067869	 0	 0.226045	 0	 0.01034351	 0	 0.1230403
m5_S69_k2_eps0.3.P_eps.txt	5	2	131	15.32789	 0	 0.001914191	 0.04325476	 0	 0	 0	 0	 0	 0.0611595	 0	 0.02807047	 0	 0	 0	 0	 0	 0	 0	 0	 0.08802241	 0.3239746	 0	 0.02838236	 0	 0	 0.1838966	 0.1963789	 0	 0	 0.04494618
m5_S69_k2_eps0.3.P_eps.txt	5	5;4	296	34.75759	 0.003044892	 0	 0	 0.09998548	 0.2086927	 0.08683669	 0.01877044	 0.02123811	 0.01728583	 0.1445901	 0	 0.0199017	 0	 0.04545948	 0.03634249	 0	 0.01818026	 0.07150527	 0.01005779	 0.01591675	 0.04757965	 0	 0.02866577	 0	 0.0922415	 0	 0	 0.005808077	 0.00789704	 0
m5_S71_k0_eps0.1.P_eps.txt	5	1;3;2;5;4	407	48.02286	 0	 0.1475814	 0	 0.1985345	 0	 0.01470756	 0	 0.07634608	 0.1665765	 0.02776476	 0	 0	 0	 0	 0	 0	 0.001409549	 0.01549979	 0	 0	 0.1441099	 0.09614638	 0.02471054	 0	 0	 0	 0	 0.05665876	 0.02995433	 0
m5_S71_k0_eps0.2.P_eps.txt	5	1;3;2;5;4	431	59.28606	 0.01117667	 0.09072243	 0	 0	 0	 0.04325832	 0.05043222	 0	 0.2159527	 0.04240187	 0	 0	 0	 0	 0	 0	 0	 0.03810107	 0.003752876	 0.1737992	 0.004485175	 0	 0	 0.06201073	 0.0571006	 0	 0	 0.2068062	 0	 0
m5_S71_k0_eps0.3.P_eps.txt	5	1;3;2;5;4	617	67.95052	 0	 0.002017639	 0.03662958	 0	 0.0858542	 0	 0.04078946	 0.009500694	 0	 0	 0.1337387	 0	 0.04310417	 0.08762384	 0	 0	 0.05502384	 0.01448187	 0	 0.004704229	 0.03236297	 0	 0	 0	 0	 0.2313228	 0	 0.0657079	 0	 0.1571382
m5_S71_k1_eps0.1.P_eps.txt	5	1;2	277	16.88898	 0.121823	 0	 0	 0	 0	 0.09313176	 0	 0	 0	 0	 0.1453096	 0.02674507	 0	 0	 0	 0.02932171	 0.04102857	 0	 0	 0.1347258	 0.02406028	 0	 0.002987005	 0	 0.3161636	 0.01687357	 0	 0.01315918	 0.03467082	 0
m5_S71_k1_eps0.1.P_eps.txt	5	3;5;4	361	25.22695	 0	 0.04065258	 0.003716734	 0	 0	 0.05711021	 0.3707785	 0.009607652	 0	 0.03999547	 0.009487269	 0.06021421	 0	 0	 0	 0.04984761	 0.04832805	 0	 0.06804386	 0.02441671	 0.01620324	 0.03983596	 0.04328602	 0	 0.04210697	 0	 0	 0	 0.03675157	 0.03961741
m5_S71_k1_eps0.2.P_eps.txt	5	1;2	208	19.99828	 0	 0.01512507	 0	 0	 0	 0	 0.08749042	 0	 0	 0.004798679	 0.07193343	 0.02112158	 0	 0.01720622	 0.2013126	 0	 0	 0.1954674	 0	 0.112088	 0.04903334	 0.0954293	 0.004505676	 0	 0.0133956	 0	 0.02651586	 0.05795579	 0.02662101	 0
m5_S71_k1_eps0.2.P_eps.txt	5	3;5;4	241	30.88843	 0	 0.01904556	 0	 0.158461	 0	 0	 0.003633739	 0.1102916	 0	 0.1011146	 0.04627624	 0.02660221	 0	 0.1116216	 0.03453187	 0	 0.06795537	 0.04399901	 0.04132943	 0.00758643	 0.0523939	 0.003740362	 0	 0	 0	 0.08256076	 0.08285206	 0.006004244	 0	 0
m5_S71_k1_eps0.3.P_eps.txt	5	1	127	15.5696	 0.02181919	 0.0580502	 0.006601906	 0	 0.006258584	 0.04513571	 0	 0.04722978	 0	 0.1187918	 0.1994587	 0.006909448	 0	 0	 0.01139752	 0.02406146	 0	 0	 0	 0	 0.007247905	 0	 0.1140461	 0.1480706	 0	 0	 0.1140803	 0	 0.0708408	 0
m5_S71_k1_eps0.3.P_eps.txt	5	3;2;5;4	324	62.16331	 0	 0.003570104	 0	 0	 0.3029514	 0	 0	 0	 0	 0.1836872	 0	 0.02336088	 0	 0.04948292	 0.0058542	 0	 0	 0.004841622	 0	 0.01092287	 0.02217711	 0	 0	 0.34596	 0.008122118	 0	 0.03432071	 0.00474885	 0	 0
m5_S71_k2_eps0.1.P_eps.txt	5	1;2	203	27.38434	 0	 0	 0.05204745	 0.1209742	 0.1706684	 0	 0	 0	 0	 0	 0.2567498	 0	 0	 0.04029378	 0.04586614	 0.01558639	 0	 0	 0	 0	 0.09027458	 0.1242271	 0.007958057	 0	 0	 0.01270268	 0	 0	 0.06265135	 0
m5_S71_k2_eps0.1.P_eps.txt	5	3;5;4	317	23.84361	 0	 0.09212875	 0.08203942	 0.03360579	 0.2308945	 0.003843263	 0.009890873	 0	 0.06870472	 0.04456118	 0	 0	 0	 0.03931341	 0	 0	 0.02298197	 0	 0.2157783	 0.002766474	 0.05375348	 0.01660858	 0	 0	 0.003941226	 0.0158247	 0	 0.01424316	 0.02309578	 0.02602443
m5_S71_k2_eps0.2.P_eps.txt	5	1	157	8.42617	 0.1230182	 0.01074436	 0	 0	 0	 0.3238428	 0.04108645	 0	 0	 0	 0.02059045	 0	 0	 0	 0.2108011	 0	 0	 0	 0.08044055	 0	 0.01199929	 0	 0.04687361	 0	 0	 0.07002119	 0	 0	 0.01677667	 0.04380527
m5_S71_k2_eps0.2.P_eps.txt	5	3;2;4	214	33.56555	 0	 0	 0	 0.01160747	 0	 0	 0	 0	 0.008897226	 0.08045028	 0.01092824	 0.03988973	 0	 0	 0.01844757	 0	 0	 0	 0	 0	 0	 0	 0	 0.6494356	 0	 0.1728835	 0	 0	 0.007460374	 0
m5_S71_k2_eps0.2.P_eps.txt	5	5	152	8.900045	 0	 0.05548468	 0	 0	 0	 0	 0.02294805	 0	 0	 0.07262754	 0	 0	 0.1488293	 0	 0.004341987	 0	 0	 0.003933831	 0	 0.03271377	 0.06383344	 0	 0.09427857	 0.05999507	 0	 0	 0	 0	 0.4410138	 0
m5_S71_k2_eps0.3.P_eps.txt	5	1;2	270	26.45281	 0	 0.05667159	 0	 0.02604563	 0.01243232	 0.04783587	 0.1473808	 0	 0.04923536	 0	 0	 0.003894153	 0.0584	 0	 0.06463101	 0	 0	 0	 0.0938628	 0.004503031	 0.08336176	 0.02946097	 0.08772149	 0.2116067	 0	 0	 0.02295658	 0	 0	 0
m5_S71_k2_eps0.3.P_eps.txt	5	3;4	90	25.06525	 0	 0.1216401	 0	 0	 0	 0.09662252	 0.1656051	 0	 0	 0.1552057	 0	 0	 0	 0	 0	 0.04161407	 0	 0	 0.02953688	 0.05234372	 0	 0.2578108	 0	 0.0610165	 0	 0.006833913	 0	 0.01177063	 0	 0
m5_S71_k2_eps0.3.P_eps.txt	5	5	177	12.78912	 0.01476309	 0.001447868	 0.04395287	 0.08995776	 0.07916164	 0.004444758	 0	 0.07098424	 0	 0.03460132	 0	 0.06570346	 0	 0.1341586	 0	 0.1248107	 0	 0.01365555	 0.0436204	 0.06037814	 0.0455968	 0.01121587	 0.05681694	 0	 0	 0	 0	 0	 0.1047299	 0
m5_S9_k0_eps0.1.P_eps.txt	5	1;3;2;5;4	566	44.27866	 0	 0.001479057	 0.09854169	 0	 0.08935464	 0.04663211	 0.1258314	 0.04284006	 0	 0	 0.005058926	 0.03104178	 0.07310588	 0.008242344	 0.0684466	 0	 0	 0	 0.003592975	 0.1460888	 0	 0.09334133	 0.006708981	 0.00936341	 0.01456628	 0.04063007	 0	 0	 0.09513365	 0
m5_S9_k0_eps0.2.P_eps.txt	5	1;3;2;5;4	596	52.93895	 0	 0.121061	 0	 0.01924955	 0.1535013	 0	 0	 0	 0	 0	 0.005098174	 0.1894075	 0	 0.03911726	 0.01525123	 0	 0	 0.08957141	 0	 0	 0.08185647	 0	 0.001309559	 0	 0.2251197	 0	 0.02275988	 0	 0.003122511	 0.03357452
m5_S9_k0_eps0.3.P_eps.txt	5	1;3;2;5;4	640	86.20622	 0.06699104	 0.008955423	 0.1465981	 0	 0	 0	 0	 0.1187434	 0	 0.003866326	 0	 0	 0	 0	 0.03057021	 0.004948661	 0	 0.5527733	 0	 0	 0.0177918	 0	 0.01272487	 0	 0.003992663	 0.03204423	 0	 0	 0	 0
m5_S9_k1_eps0.1.P_eps.txt	5	1;3;2;4	470	34.8186	 0.02615661	 0	 0	 0.03513984	 0.03939346	 0	 0.03138054	 0	 0	 0.2371036	 0.01873559	 0	 0.1056644	 0.005108498	 0.06455257	 0.08216719	 0.05375075	 0	 0.01925544	 0	 0	 0.1205879	 0.01624455	 0.06886048	 0	 0.04259285	 0	 0.005904135	 0.02740163	 0
m5_S9_k1_eps0.1.P_eps.txt	5	5	86	5.591777	 0	 0.01575598	 0	 0	 0	 0.1430152	 0	 0	 0	 0	 0.02882819	 0.09250005	 0.1637636	 0.3504912	 0.04387594	 0	 0.01520734	 0	 0	 0	 0.01795436	 0	 0	 0	 0	 0.08985321	 0.03875493	 0	 0	 0
m5_S9_k1_eps0.2.P_eps.txt	5	1;3;5;4	342	45.62418	 0.2162355	 0.009911912	 0	 0.08440451	 0.1410786	 0.01627073	 0.02654655	 0.03314382	 0	 0	 0.02259761	 0.02739487	 0	 0.07795049	 0	 0	 0	 0.03338918	 0.2106165	 0.02419818	 0.02632801	 0.04993348	 0	 0	 0	 0	 0	 0	 0	 0
m5_S9_k1_eps0.2.P_eps.txt	5	2	160	11.55127	 0.08556501	 0.001974095	 0	 0	 0	 0.1000176	 0	 0	 0.0554681	 0	 0	 0.05258807	 0.06796792	 0	 0	 0	 0	 0	 0.0004780825	 0	 0	 0	 0.2989018	 0	 0.03298705	 0	 0	 0	 0	 0.3040522
m5_S9_k1_eps0.3.P_eps.txt	5	1;2;5;4	406	64.46595	 0.04902879	 0.01156286	 0.0786182	 0.4166111	 0	 0.002865401	 0.03713245	 0	 0.01498334	 0.03734333	 0	 0	 0	 0	 0.01255325	 0	 0.003276197	 0.004451338	 0	 0.01171923	 0.03854923	 0	 0.009996797	 0.009990502	 0.01580759	 0	 0.01803281	 0.2274776	 0	 0
m5_S9_k1_eps0.3.P_eps.txt	5	3	126	13.3952	 0.09443443	 0.03430663	 0	 0.04003129	 0	 0	 0	 0.03260556	 0.01233019	 0.002359937	 0.009721978	 0	 0.169206	 0.05446616	 0.004334887	 0	 0	 0	 0.01940243	 0	 0.3430651	 0.04501791	 0.01514664	 0.05123511	 0.04283664	 0.01993059	 0	 0	 0.009568519	 0
m5_S9_k2_eps0.1.P_eps.txt	5	1;5;4	157	19.29662	 0.09657545	 0	 0	 0	 0	 0	 0.1186298	 0	 0	 0.0194297	 0	 0	 0	 0	 0.02527569	 0	 0.07462106	 0.07555	 0.05004077	 0.389928	 0.01369696	 0	 0	 0	 0	 0.09926628	 0	 0	 0.03698635	 0
m5_S9_k2_eps0.1.P_eps.txt	5	3	145	7.693964	 0	 0.07090849	 0	 0	 0.01953784	 0	 0	 0	 0	 0.04139429	 0.1511317	 0.03030634	 0.1315547	 0.2048612	 0	 0	 0.08892558	 0	 0.03003247	 0	 0	 0.07682173	 0.01788228	 0	 0.008316873	 0.005980512	 0	 0	 0.1223459	 0
m5_S9_k2_eps0.1.P_eps.txt	5	2	123	10.18955	 0.02142225	 0.01751136	 0	 0	 0	 0.1998534	 0	 0	 0.03852364	 0	 0.01065455	 0	 0	 0.05868818	 0.006235498	 0.09854674	 0	 0	 0	 0	 0.3415955	 0	 0.1092899	 0	 0.05932383	 0	 0	 0.03835518	 0	 0
m5_S9_k2_eps0.2.P_eps.txt	5	1;3;4	293	33.03305	 0.00405543	 0.04458794	 0.136997	 0.1137814	 0.03321745	 0.006726854	 0.01751415	 0.005070267	 0	 0.01584814	 0.006039118	 0	 0	 0.02624672	 0.0955319	 0.04432325	 0.06026153	 0.06123542	 0.008338048	 0	 0	 0	 0.02307143	 0	 0	 0.01936453	 0.1692626	 0.1025418	 0.005985147	 0
m5_S9_k2_eps0.2.P_eps.txt	5	2	115	10.6197	 0	 0.01450232	 0.425776	 0.03502436	 0	 0.01555926	 0	 0.03294587	 0.07449256	 0	 0	 0	 0	 0.05533237	 0.07491891	 0	 0	 0	 0	 0.01918454	 0	 0	 0	 0	 0.06956984	 0	 0	 0.02007288	 0.1167621	 0.04585905
m5_S9_k2_eps0.2.P_eps.txt	5	5	109	9.489684	 0	 0.008962155	 0.0527062	 0.03612255	 0.1591858	 0	 0.03560318	 0	 0.2276066	 0.037021	 0	 0.04804494	 0	 0	 0.004247739	 0	 0	 0	 0	 0.02678768	 0	 0	 0.1449094	 0.007632044	 0.0842576	 0	 0	 0.1092904	 0	 0.01762278
m5_S9_k2_eps0.3.P_eps.txt	5	1;3;2	486	48.82715	 0	 0.1031736	 0	 0.01869478	 0.06883483	 0.05244665	 0.001821818	 0.0717774	 0.08936426	 0	 0	 0	 0	 0.1128469	 0.04124549	 0.02200142	 0.002733159	 0	 0.01276682	 0.07029493	 0	 0	 0.06532498	 0.08045807	 0.07839929	 0.0240183	 0	 0.01857729	 0.06521996	 0
m5_S9_k2_eps0.3.P_eps.txt	5	5;4	158	57.686	 0.08031427	 0.01346943	 0	 0	 0	 0	 0.03080455	 0	 0	 0.1920233	 0	 0	 0	 0	 0	 0.03370795	 0	 0.03249549	 0.01428995	 0.05529159	 0	 0.1305498	 0.1457578	 0.1414566	 0.03412909	 0.03456865	 0.01758484	 0.01188427	 0.03167247	 0
m7_S10_k0_eps0.1.P_eps.txt	7	1;3;2;5;4;7;6	756	65.95732	 0.00911556	 0	 0	 0.08715266	 0.1721242	 0	 0.01519134	 0.08042109	 0.1187886	 0	 0	 0.01460553	 0	 0	 0.05121366	 0	 0	 0.02510432	 0.02280268	 0.006446563	 0.190927	 0.0070419	 0.04017178	 0.01699717	 0.104915	 0	 0	 0	 0.036981	 0
m7_S10_k0_eps0.2.P_eps.txt	7	1;3;2;5;4;7;6	779	88.37576	 0.04276864	 0.01815822	 0	 0.07292041	 0.0002696085	 0	 0.03670703	 0.03534793	 0	 0.2696471	 0	 0	 0	 0	 0.1680293	 0	 0.02495719	 0.02896099	 0	 0.05650952	 0.02485053	 0	 0	 0.05132645	 0.05021864	 0.07834239	 0	 0	 0.03456268	 0.006423374
m7_S10_k0_eps0.3.P_eps.txt	7	1;3;2;5;4;7;6	744	106.2386	 0.001682499	 0	 0.02389044	 0.05915939	 0	 0.01297121	 0	 0.2549261	 0.09832954	 0	 0	 0.0157149	 0	 0	 0.005334741	 0.1902174	 0	 0.01080739	 0.01231491	 0	 0	 0.2393525	 0	 0	 0	 0	 0.0009951679	 0.07430377	 0	 0
m7_S10_k1_eps0.1.P_eps.txt	7	1;2;7;6	307	30.42078	 0	 0.2268825	 0	 0	 0	 0	 0.009415855	 0	 0.04386787	 0.001770733	 0.2147985	 0	 0.103784	 0.002063479	 0.0523575	 0	 0.04259817	 0	 0	 0	 0.08799376	 0	 0.003217005	 0	 0.1110436	 0.06326409	 0	 0.01463882	 0	 0.02230418
m7_S10_k1_eps0.1.P_eps.txt	7	3;5;4	375	24.86093	 0.003497107	 0.09981522	 0	 0	 0	 0	 0	 0.02247238	 0.07493403	 0	 0.09545826	 0.01336993	 0	 0.01123005	 0.04039673	 0.0929183	 0.007439239	 0	 0.03815371	 0.2204602	 0.002782757	 0.06225136	 0.01410256	 0	 0.0629223	 0.1190103	 0.003508174	 0.01527737	 0	 0
m7_S10_k1_eps0.2.P_eps.txt	7	1;2;7;6	491	42.72664	 0.02367221	 0.091541	 0	 0	 0	 0	 0	 0	 0.1055526	 0	 0	 0.07532387	 0	 0.004212273	 0	 0.03934992	 0	 0	 0.07613355	 0.08171019	 0.08047712	 0.04557797	 0.1175007	 0	 0	 0.1612145	 0.04197266	 0	 0.0557614	 0
m7_S10_k1_eps0.2.P_eps.txt	7	3;5;4	165	32.9015	 0	 0	 0	 0.2581334	 0	 0	 0.3331523	 0	 0.05774697	 0.006494773	 0.03265278	 0	 0	 0	 0.04968416	 0	 0.02608735	 0	 0	 0.1409229	 0	 0.00470977	 0	 0	 0	 0.04467296	 0	 0.04574263	 0	 0
m7_S10_k1_eps0.3.P_eps.txt	7	1;3;2;7;6	526	73.20897	 0	 0	 0	 0.03869756	 0.008651424	 0	 0	 0.01795198	 0	 0.1885002	 0.1627188	 0.03607689	 0	 0.02565232	 0	 0.009213696	 0	 0.05953352	 0.02444391	 0.1080933	 0.01257657	 0	 0.05407872	 0	 0	 0	 0	 0.04997777	 0.1343599	 0.06947343
m7_S10_k1_eps0.3.P_eps.txt	7	5;4	262	31.07694	 0	 0	 0	 0.03735051	 0.1516022	 0	 0.008532113	 0.0655561	 0.006298006	 0.2893009	 0.03001103	 0.09916497	 0.05750117	 0.004785559	 0	 0	 0.003820101	 0	 0.01687386	 0.04152891	 0	 0.05344642	 0.06093642	 0	 0.01198759	 0.04484167	 0	 0.003199538	 0.01326297	 0
m7_S10_k2_eps0.1.P_eps.txt	7	1;2;7;6	256	33.83906	 0	 0	 0.06152433	 0.1843211	 0	 0	 0	 0	 0	 0.02865484	 0.06221797	 0.0509448	 0	 0.04673437	 0.02324197	 0.02743309	 0	 0	 0	 0	 0.01431851	 0.004239409	 0.2475453	 0	 0	 0.2330506	 0	 0	 0.01577373	 0
m7_S10_k2_eps0.1.P_eps.txt	7	3;4	225	16.59196	 0.02432536	 0.04117968	 0	 0.01035581	 0	 0	 0.005979041	 0	 0	 0	 0	 0	 0.2963287	 0	 0	 0.121041	 0.01084967	 0.01570555	 0	 0.009908908	 0	 0	 0.1857772	 0	 0	 0.120585	 0	 0.05586743	 0.1020967	 0
m7_S10_k2_eps0.1.P_eps.txt	7	5	99	6.743578	 0.02014391	 0.007008757	 0	 0	 0	 0	 0.2084652	 0	 0.126231	 0	 0.05172131	 0.06066126	 0	 0.0159442	 0.1501371	 0	 0	 0	 0.03473325	 0.060991	 0	 0	 0.01856689	 0	 0	 0	 0	 0.00855238	 0.07085046	 0.1659934
m7_S10_k2_eps0.2.P_eps.txt	7	1;3;2;7;6	761	57.97537	 0.288984	 0.175214	 0	 0.002452552	 0.05098701	 0	 0	 0	 0.03041405	 0	 0.003802869	 0	 0	 0.01358063	 0	 0.0173837	 0.02283533	 0	 0	 0.01105407	 0.01902856	 0	 0.1382796	 0	 0	 0.199589	 0	 0	 0.02639462	 0
m7_S10_k2_eps0.2.P_eps.txt	7	5	181	9.414615	 0.03121628	 0.01325026	 0	 0.1106215	 0	 0	 0.009955588	 0.2768782	 0	 0.0047957	 0.02647241	 0	 0	 0.009954946	 0.006277684	 0.02340817	 0.1332748	 0	 0.08880774	 0.02155756	 0.007099953	 0.004434333	 0.05747227	 0	 0.006589458	 0.007180675	 0	 0	 0.1146023	 0.04615008
m7_S10_k2_eps0.2.P_eps.txt	7	4	92	10.98769	 0	 0.09408635	 0	 0.1692253	 0	 0	 0	 0	 0	 0	 0.01858662	 0.01454503	 0.007567715	 0	 0	 0	 0.02961673	 0.2639163	 0.09383558	 0.03147128	 0.01807168	 0	 0.02611597	 0.1246346	 0	 0.06126243	 0	 0	 0.04706436	 0
m7_S10_k2_eps0.3.P_eps.txt	7	1;3;2;5;4	601	76.70449	 0	 0.08620351	 0.08791056	 0.0558662	 0.005829249	 0	 0	 0.157217	 0.01947395	 0.02572193	 0.07162144	 0	 0	 0	 0	 0.02033378	 0	 0.004979876	 0	 0.05064858	 0.1762893	 0.05101809	 0.005750561	 0	 0.07091039	 0.004408278	 0.0329078	 0	 0.07290946	 0
m7_S10_k2_eps0.3.P_eps.txt	7	7	85	15.14089	 0	 0	 0	 0.1594588	 0.04440926	 0	 0	 0.05706696	 0.04295245	 0	 0	 0.01062833	 0	 0.1202861	 0	 0.07364356	 0.0482812	 0	 0	 0.06818382	 0	 0	 0.06596013	 0.1833489	 0	 0.01189403	 0	 0	 0.1138865	 0
m7_S10_k2_eps0.3.P_eps.txt	7	6	184	18.39698	 0	 0.2495489	 0.09014478	 0	 0.01611447	 0	 0.005078424	 0.08149078	 0	 0.008811018	 0.008590131	 0	 0.03811697	 0.1357121	 0.03495888	 0	 0	 0	 0.04570704	 0.009667052	 0.03152281	 0.02573942	 0	 0.008449189	 0.007330312	 0.01804343	 0	 0	 0.06200498	 0.1229694
m7_S12_k0_eps0.1.P_eps.txt	7	1;3;2;5;4;7;6	813	66.99594	 0	 0.005911053	 0.1799669	 0	 0	 0	 0.1784303	 0.09583749	 0	 0	 0.002928883	 0	 0	 0.02835454	 0.1635316	 0.07253218	 0	 0.01402598	 0	 0	 0.03008324	 0.1143045	 0	 0	 0.0169837	 0.09551858	 0.001591112	 0	 0	 0
m7_S12_k0_eps0.2.P_eps.txt	7	1;3;2;5;4;7;6	850	84.57624	 0.07204581	 0	 0	 0	 0	 0.01828136	 0.2135973	 0	 0.08171813	 0.009229403	 0.07421613	 0.01669006	 0	 0	 0	 0.004462564	 0.05330212	 0.0912408	 0.008794875	 0.06205114	 0.05528628	 0	 0.01876769	 0	 0	 0.02283043	 0	 0	 0.1974858	 0
m7_S12_k0_eps0.3.P_eps.txt	7	1;3;2;5;4;7;6	718	104.8408	 0.01856044	 0.08813964	 0	 0	 0.03604875	 0	 0.003364269	 0	 0	 0	 0.1725207	 0	 0.1322307	 0.006607976	 0.04681737	 0.03583643	 0	 0	 0.0638529	 0.01045302	 0	 0	 0.07418433	 0	 0	 0	 0.132251	 0	 0.1791325	 0
m7_S12_k1_eps0.1.P_eps.txt	7	1;3;2;5;7;6	814	52.55567	 0	 0.0268226	 0.05096473	 0.08054075	 0.03650426	 0	 0	 0.1769641	 0.0934811	 0.04017616	 0	 0	 0	 0.005954229	 0.01400661	 0	 0	 0	 0.01549695	 0	 0.01173527	 0	 0.03312931	 0	 0.02613683	 0	 0.02799981	 0.1065394	 0	 0.2535479
m7_S12_k1_eps0.1.P_eps.txt	7	4	188	7.369245	 0.05032627	 0.00273152	 0.152684	 0	 0	 0.3927189	 0.1955836	 0.04259623	 0	 0.001925048	 0	 0	 0	 0.0300393	 0	 0	 0	 0.005037482	 0	 0	 0.02170127	 0.07693362	 0	 0	 0.02436374	 0.00335895	 0	 0	 0	 0
m7_S12_k1_eps0.2.P_eps.txt	7	1;2;5;7;6	473	49.51301	 0.05094394	 0	 0	 0	 0	 0	 0.1940189	 0	 0	 0.149047	 0	 0.04026816	 0	 0	 0	 0	 0.1432854	 0.03002902	 0.0170155	 0	 0	 0.07357268	 0	 0	 0	 0.01433419	 0.2609809	 0.02650418	 0	 0
m7_S12_k1_eps0.2.P_eps.txt	7	3;4	316	26.48979	 0	 0.003694361	 0.007809474	 0.01501812	 0.1179112	 0	 0.05201135	 0	 0	 0.1062755	 0.004226426	 0	 0	 0	 0.1521353	 0.1430866	 0	 0	 0	 0.04813311	 0	 0	 0.02864405	 0	 0.292685	 0	 0	 0	 0	 0.02836939
m7_S12_k1_eps0.3.P_eps.txt	7	1;3;5;4;7;6	740	97.88996	 0	 0.002909442	 0.1795409	 0.01686007	 0.1145636	 0	 0.02378614	 0	 0	 0.1185041	 0	 0.08459387	 0	 0	 0	 0.07744257	 0	 0	 0.0381564	 0.01171152	 0.01902707	 0	 0	 0	 0.005129859	 0	 0.1462824	 0.003824843	 0.1576672	 0
m7_S12_k1_eps0.3.P_eps.txt	7	2	125	16.39025	 0	 0.1002653	 0.03106696	 0	 0.1812265	 0	 0.01725874	 0	 0.01035614	 0.005876295	 0.02557262	 0	 0	 0.0344034	 0	 0	 0.0277108	 0.01989978	 0	 0	 0.1069016	 0.1066937	 0	 0.009832976	 0	 0.05189101	 0.009596433	 0.04281827	 0.05751538	 0.161114
m7_S12_k2_eps0.1.P_eps.txt	7	1;3;5;7;6	541	44.48649	 0	 0.2433483	 0	 0	 0	 0	 0	 0	 0	 0.03413928	 0.001379426	 0.02163562	 0.0008668059	 0.004493582	 0	 0	 0	 0.2245213	 0	 0.0113756	 0.0919328	 0.1038902	 0.1026462	 0	 0	 0.01444831	 0.002049941	 0.04106229	 0	 0.1022104
m7_S12_k2_eps0.1.P_eps.txt	7	2	76	7.405233	 0.009237097	 0.08382774	 0	 0.01581763	 0	 0	 0	 0	 0	 0	 0.03602674	 0	 0.1671314	 0.01109923	 0.1628184	 0	 0.01849303	 0.1080903	 0	 0	 0	 0.02042329	 0.1442983	 0.1600528	 0	 0	 0	 0.03549914	 0.02718484	 0
m7_S12_k2_eps0.1.P_eps.txt	7	4	52	7.24721	 0.1101926	 0.01038186	 0	 0	 0	 0.05629038	 0	 0	 0	 0	 0.0563499	 0.04797179	 0	 0.01136652	 0	 0.05220284	 0.0428388	 0	 0.03980336	 0	 0	 0	 0	 0.2002588	 0	 0.1741305	 0.02639061	 0.02761384	 0.1442083	 0
m7_S12_k2_eps0.2.P_eps.txt	7	1;3;2;5	214	53.92361	 0.02367108	 0.1058926	 0.1392475	 0	 0	 0	 0	 0.05393468	 0	 0	 0	 0	 0	 0	 0	 0.07707795	 0	 0	 0.05222074	 0.03815258	 0	 0.1527609	 0	 0.1670717	 0.07021306	 0	 0.1197573	 0	 0	 0
m7_S12_k2_eps0.2.P_eps.txt	7	4	158	11.0107	 0.01210145	 0.1613527	 0	 0	 0.1445278	 0.07452424	 0	 0.04031825	 0	 0.05744165	 0.04230789	 0.04495111	 0	 0.03122639	 0.01706587	 0	 0.02409561	 0.02693597	 0	 0.09298701	 0.02095537	 0.04022725	 0	 0	 0.02436142	 0	 0	 0.01263395	 0.03149274	 0.1004933
m7_S12_k2_eps0.2.P_eps.txt	7	7;6	208	21.80539	 0	 0.03692977	 0	 0	 0	 0	 0	 0	 0.03127634	 0.1860781	 0	 0	 0	 0	 0.008300609	 0.06437549	 0.1437411	 0.07753723	 0.004500342	 0.1266775	 0.02303994	 0	 0.1197154	 0.01512613	 0	 0.1209577	 0.03915597	 0.002588482	 0	 0
m7_S12_k2_eps0.3.P_eps.txt	7	1;2;5	346	51.22433	 0.08455877	 0.007026617	 0	 0.09227007	 0.119269	 0	 0.005265573	 0	 0	 0	 0	 0	 0.03338978	 0.007236783	 0	 0	 0.07295609	 0.2679512	 0.025583	 0.006255189	 0	 0.01530827	 0.1281079	 0.02770281	 0.03686059	 0	 0	 0.0326066	 0	 0.03765181
m7_S12_k2_eps0.3.P_eps.txt	7	3;4	200	26.03433	 0	 0.02427957	 0	 0.06618161	 0	 0	 0.066603	 0	 0.09856336	 0.00265794	 0.111437	 0	 0.05190897	 0.003512277	 0.02866574	 0	 0	 0	 0.1245373	 0.02119021	 0.00613357	 0	 0.08521378	 0.1431693	 0.00562053	 0	 0.02538629	 0.117994	 0	 0.01694548
m7_S12_k2_eps0.3.P_eps.txt	7	7;6	162	21.98253	 0	 0	 0	 0.01993559	 0	 0.3723396	 0	 0	 0.0153926	 0.02188706	 0.251425	 0	 0	 0	 0.03253418	 0.01926657	 0	 0.05426779	 0	 0	 0.006605101	 0	 0	 0.02176557	 0	 0	 0	 0	 0.1167661	 0.06781481
m7_S23_k0_eps0.1.P_eps.txt	7	1;3;2;5;4;7;6	832	62.9497	 0	 0	 0	 0	 0	 0	 0.02831645	 0.275505	 0	 0	 0.009210027	 0.01847993	 0.03283991	 0.04835119	 0.2105977	 0	 0.08658007	 0.2341459	 0	 0	 0.03007333	 0	 0.01061317	 0	 0	 0	 0	 0.01528733	 0	 0
m7_S23_k0_eps0.2.P_eps.txt	7	1;3;2;5;4;7;6	875	80.04195	 0.01126788	 0	 0.006968588	 0	 0.06413575	 0	 0.06334439	 0.06293717	 0.08428657	 0	 0.02553466	 0	 0	 0.06296688	 0	 0.2521041	 0	 0.1760658	 0	 0	 0.04481072	 0.04697267	 0.04662655	 0	 0.009475661	 0	 0.02883364	 0.00837561	 0.005293349	 0
m7_S23_k0_eps0.3.P_eps.txt	7	1;3;2;5;4;7;6	909	119.5778	 0.0305047	 0	 0.004597741	 0.03829728	 0	 0	 0	 0.1206033	 0.001479925	 0.0392289	 0	 0.04452276	 0	 0	 0.1577814	 0	 0.4200294	 0	 0.005321367	 0.006180402	 0	 0	 0.00399953	 0.1014254	 0.01607726	 0	 0	 0	 0	 0.009950722
m7_S23_k1_eps0.1.P_eps.txt	7	1;3;2	343	27.78875	 0.0037708	 0	 0	 0.018437	 0	 0	 0.1118728	 0	 0	 0	 0.07900331	 0.209102	 0	 0.003310039	 0	 0.005755684	 0.04499306	 0.00449233	 0.03395928	 0.08181922	 0	 0	 0.2822457	 0	 0.05515162	 0.06283124	 0	 0	 0	 0.003255873
m7_S23_k1_eps0.1.P_eps.txt	7	5;4;7;6	368	40.62549	 0	 0	 0.07339103	 0.1166666	 0.03917853	 0	 0.01699547	 0.298335	 0	 0.06092035	 0	 0.0124785	 0	 0	 0	 0.009541662	 0	 0.2948538	 0	 0	 0	 0.01161969	 0	 0.01181901	 0.03710342	 0	 0.01709688	 0	 0	 0
m7_S23_k1_eps0.2.P_eps.txt	7	1;3;2;4	408	47.05972	 0.00277041	 0.007493455	 0	 0	 0.2205597	 0.03329256	 0	 0.007442112	 0.02080377	 0.07940062	 0	 0.03325302	 0.04201842	 0.08323842	 0.03798842	 0	 0.007978908	 0.07959005	 0	 0.2013744	 0	 0	 0.05522834	 0	 0	 0	 0	 0	 0.07506856	 0.01249888
m7_S23_k1_eps0.2.P_eps.txt	7	5;7;6	258	33.37692	 0.1034187	 0	 0	 0.06535355	 0.02260261	 0.175934	 0.01791463	 0	 0	 0.005506402	 0	 0.05675821	 0	 0.03547207	 0.1535967	 0	 0	 0.07133413	 0.02846734	 0	 0.005100605	 0.08616231	 0	 0.04293663	 0	 0.1069167	 0.02252541	 0	 0	 0
m7_S23_k1_eps0.3.P_eps.txt	7	1;3;2;5;4;7;6	786	134.6571	 0.01656835	 0.007903529	 0.03245087	 0.1520686	 0.07995022	 0.05273467	 0	 0.06935771	 0	 0	 0	 0.1105866	 0	 0	 0.09353286	 0.005785078	 0.0373929	 0.03005049	 0	 0.02394555	 0	 0.04214335	 0.01901107	 0	 0.1983727	 0.02814537	 0	 0	 0	 0
m7_S23_k2_eps0.1.P_eps.txt	7	1;5;4;6	338	38.09529	 0.04644008	 0.1201681	 0	 0.05943127	 0.1822747	 0.02974127	 0	 0	 0.0223214	 0	 0.001992208	 0.006922917	 0.1050206	 0	 0.005544258	 0.0488125	 0.0124157	 0.04771831	 0	 0.1663578	 0	 0.01925812	 0	 0	 0.01666516	 0	 0.03932045	 0.06959521	 0	 0
m7_S23_k2_eps0.1.P_eps.txt	7	3;2	128	15.41507	 0	 0.01430569	 0	 0	 0	 0.04584426	 0.00705516	 0	 0	 0	 0.1526929	 0.1121761	 0.06858153	 0	 0.01359157	 0.05826653	 0.009933705	 0.02229053	 0	 0.02815018	 0	 0	 0	 0.01161969	 0	 0.09644358	 0.207746	 0.119197	 0	 0.03210568
m7_S23_k2_eps0.1.P_eps.txt	7	7	107	6.496214	 0.03563647	 0.004201555	 0	 0	 0	 0.2163997	 0	 0	 0	 0	 0	 0.04063674	 0.05672954	 0	 0	 0	 0.03014291	 0.101761	 0.04644054	 0.09210222	 0.01056953	 0.1405082	 0.004140678	 0	 0	 0.01602543	 0.0107226	 0.05812688	 0	 0.135856
m7_S23_k2_eps0.2.P_eps.txt	7	1;5;4;6	281	40.03777	 0.01204154	 0.005708022	 0.1613499	 0	 0	 0	 0	 0	 0	 0.2475375	 0.2687948	 0	 0	 0	 0	 0	 0	 0.003153245	 0	 0	 0	 0	 0.06507255	 0	 0	 0.005145653	 0	 0	 0	 0.2311968
m7_S23_k2_eps0.2.P_eps.txt	7	3;2	339	24.78169	 0.08860506	 0	 0.1131345	 0.04101201	 0	 0	 0.0236016	 0.003481964	 0.0784214	 0.04384725	 0	 0	 0	 0.02750611	 0.05012919	 0	 0.001264073	 0	 0.004723714	 0	 0	 0.08930474	 0	 0	 0	 0	 0.009820259	 0.01395873	 0.01058045	 0.4006089
m7_S23_k2_eps0.2.P_eps.txt	7	7	126	11.66667	 0.0333192	 0.02090342	 0.09556787	 0.03000362	 0	 0	 0	 0	 0	 0.0149964	 0	 0.0128754	 0.3427957	 0.0130593	 0	 0	 0	 0	 0	 0.02951773	 0	 0.01795308	 0.1006764	 0	 0.1298483	 0	 0	 0	 0.1536568	 0.004826766
m7_S23_k2_eps0.3.P_eps.txt	7	1;3;2;4	377	60.5251	 0	 0	 0	 0.3793493	 0	 0	 0	 0.1782697	 0.04682987	 0	 0	 0	 0	 0	 0	 0	 0	 0.009443219	 0.2819489	 0.01680201	 0	 0.05037032	 0.00138077	 0	 0	 0	 0	 0	 0.03560599	 0
m7_S23_k2_eps0.3.P_eps.txt	7	5;7	304	30.14372	 0	 0.007962157	 0.0700325	 0	 0.2260195	 0.004246242	 0	 0.09948214	 0	 0	 0.01162007	 0	 0	 0.006920604	 0.09151481	 0	 0	 0	 0.05961924	 0.02015362	 0	 0	 0.1087959	 0.1686058	 0.006555743	 0.03770779	 0.02156267	 0.03556677	 0	 0.02363452
m7_S23_k2_eps0.3.P_eps.txt	7	6	159	14.80878	 0.1087375	 0.003904927	 0	 0	 0.1163058	 0	 0.06332098	 0.03686651	 0	 0.007918436	 0.03792682	 0	 0.1146297	 0	 0	 0.06066279	 0.05615744	 0	 0.02501451	 0	 0.2705356	 0	 0.05613072	 0	 0	 0.02014212	 0	 0	 0.02174618	 0
m7_S30_k0_eps0.1.P_eps.txt	7	1;3;2;5;4;7;6	580	57.90757	 0.003049958	 0	 0	 0	 0	 0.01059923	 0.02520765	 0.1257115	 0	 0.007335655	 0.02891052	 0	 0.05711268	 0.130073	 0.05209287	 0	 0.1034579	 0	 0.02196558	 0.01564921	 0.003220957	 0	 0.009658882	 0.04871665	 0.0513928	 0.06740294	 0.02156391	 0	 0.216878	 0
m7_S30_k0_eps0.2.P_eps.txt	7	1;3;2;5;4;7;6	814	86.43975	 0	 0.003697223	 0.003314845	 0.1239839	 0.0546239	 0.06556697	 0	 0.0810043	 0.005325346	 0	 0	 0.007056329	 0.03102692	 0	 0	 0	 0.006699023	 0	 0.004028588	 0.002910819	 0.2517728	 0.004313595	 0.06213824	 0	 0.00434441	 0	 0.03304488	 0.2058437	 0	 0.04930423
m7_S30_k0_eps0.3.P_eps.txt	7	1;3;2;5;4;7;6	758	106.0392	 0	 0.05927493	 0.007665876	 0	 0	 0	 0.02949637	 0	 0	 0	 0.1335707	 0	 0	 0.5141633	 0	 0.08151633	 0	 0	 0.01199914	 0.003634783	 0	 0	 0.04841959	 0.03125838	 0.03412477	 0	 0	 0.04451265	 0	 0.0003632022
m7_S30_k1_eps0.1.P_eps.txt	7	1;3;2;4;7;6	649	59.01026	 0.01559882	 0.01756074	 0.2350777	 0.02149829	 0.04518485	 0.02114501	 0.03453088	 0.008780492	 0.04339217	 0	 0.0730392	 0	 0	 0.02624087	 0.02892346	 0	 0.06685792	 0	 0	 0.004617027	 0	 0	 0.1484038	 0	 0.01037398	 0	 0	 0.01725034	 0	 0.1815244
m7_S30_k1_eps0.1.P_eps.txt	7	5	87	8.585029	 0.02246171	 0	 0.331246	 0.06835659	 0	 0.08040268	 0	 0.1745939	 0	 0.0113875	 0	 0.05559963	 0.0190295	 0	 0	 0	 0.04144131	 0	 0.08258577	 0	 0	 0	 0	 0	 0.05830528	 0	 0.007202533	 0.04738754	 0	 0
m7_S30_k1_eps0.2.P_eps.txt	7	1;2;5;4;7;6	729	77.2026	 0.01906041	 0.002508561	 0.02279914	 0.03234674	 0.1247472	 0	 0.001036393	 0.009336092	 0	 0.2048371	 0	 0.002511665	 0	 0.01303668	 0.05262461	 0.04078395	 0	 0.4207065	 0	 0	 0	 0.02795662	 0	 0	 0	 0.02570833	 0	 0	 0	 0
m7_S30_k1_eps0.2.P_eps.txt	7	3	102	10.82582	 0	 0	 0	 0	 0.1684665	 0.2924951	 0.2617943	 0	 0	 0	 0	 0.03039286	 0	 0	 0.00842862	 0	 0.006051952	 0	 0.009148748	 0	 0	 0	 0.03224322	 0	 0.04102422	 0	 0	 0.08911238	 0.02889743	 0.03194462
m7_S30_k1_eps0.3.P_eps.txt	7	1;3;2;5;7;6	605	92.07181	 0	 0.00104615	 0.005409729	 0.1774443	 0.06757248	 0	 0	 0	 0	 0	 0.06339044	 0.1313786	 0	 0	 0	 0.1593781	 0	 0.1967789	 0	 0	 0.01775157	 0.01924767	 0.01433733	 0.02039194	 0.05529757	 0.011621	 0	 0	 0.05895417	 0
m7_S30_k1_eps0.3.P_eps.txt	7	4	113	15.53878	 0	 0.08552275	 0	 0	 0	 0.008680107	 0.1631548	 0	 0.2122551	 0.03237947	 0.09135704	 0.01236057	 0	 0	 0	 0.08798088	 0	 0	 0.05264672	 0.007301447	 0.07866616	 0	 0.1493032	 0	 0	 0	 0	 0.01839174	 0	 0
m7_S30_k2_eps0.1.P_eps.txt	7	1;3;2;5;7	515	41.2463	 0	 0.06992443	 0	 0	 0	 0	 0	 0.05099957	 0.1133206	 0.05818909	 0.001537013	 0	 0	 0.0493322	 0	 0.0055484	 0	 0.01755594	 0.005759223	 0	 0	 0.1901761	 0.04755848	 0	 0.007244717	 0.3127877	 0.05235811	 0.01770838	 0	 0
m7_S30_k2_eps0.1.P_eps.txt	7	4	165	8.554798	 0.01650755	 0	 0	 0	 0.01565287	 0	 0.09313684	 0.06899657	 0	 0.04122085	 0.05602245	 0.004716045	 0	 0.02955248	 0.2010788	 0.2128513	 0.01456374	 0.05322412	 0.006784138	 0	 0.01139453	 0	 0	 0.1241799	 0	 0.02123021	 0	 0.008477183	 0.02041046	 0
m7_S30_k2_eps0.1.P_eps.txt	7	6	189	7.900977	 0.01360086	 0.008093601	 0	 0.2898929	 0.03624671	 0	 0.1150993	 0	 0	 0	 0.04722674	 0	 0	 0.1251119	 0	 0	 0	 0	 0.1152347	 0.07670949	 0.08637429	 0.02123384	 0	 0.004838006	 0	 0.003024245	 0	 0	 0.05731348	 0
m7_S30_k2_eps0.2.P_eps.txt	7	1;3;2;5;4;7	763	86.75923	 0	 0.004482166	 0.2055929	 0	 0.08570845	 0	 0	 0	 0.1481885	 0	 0	 0	 0.03610568	 0.009018235	 0.2020394	 0	 0	 0	 0	 0.1318795	 0.03211706	 0	 0	 0.01264841	 0.02583287	 0.06523545	 0	 0	 0	 0.04115142
m7_S30_k2_eps0.2.P_eps.txt	7	6	180	12.8126	 0	 0.01267641	 0	 0	 0	 0.04017178	 0.01077974	 0	 0.004276334	 0	 0.02572521	 0.03605017	 0.2286413	 0.01973519	 0.091406	 0	 0	 0	 0	 0.1454827	 0.01609363	 0.0136451	 0.03530281	 0.0346354	 0.06714865	 0.008073346	 0	 0.1725685	 0.02338136	 0.01420634
m7_S30_k2_eps0.3.P_eps.txt	7	1;3;2;4;6	461	79.14723	 0.02336657	 0.03795216	 0	 0.04157657	 0.06888586	 0.06406664	 0	 0	 0.01184729	 0.002088875	 0.01037701	 0.009096623	 0	 0.01129958	 0	 0.007825638	 0.01639105	 0	 0.1440558	 0.01697227	 0.01937773	 0.01617614	 0.07847428	 0.07753575	 0.1568638	 0.01975353	 0	 0.06205821	 0.1039586	 0
m7_S30_k2_eps0.3.P_eps.txt	7	5	135	18.64955	 0.007464087	 0.01314037	 0	 0.0896656	 0	 0	 0.003838622	 0	 0	 0	 0	 0.3335463	 0.1022675	 0	 0.1304757	 0	 0.04565326	 0.2442981	 0.01504062	 0.01460988	 0	 0	 0	 0	 0	 0	 0	 0	 0	 0
m7_S30_k2_eps0.3.P_eps.txt	7	7	194	16.09262	 0.02612772	 0.006191928	 0	 0.03173327	 0.06110056	 0.1681175	 0.02166854	 0	 0.04292894	 0.1428227	 0	 0.03800661	 0	 0.03309983	 0.01968489	 0	 0	 0.024687	 0.02943062	 0	 0.272475	 0.02778457	 0.03030611	 0	 0	 0	 0	 0	 0	 0.02383424
m7_S43_k0_eps0.1.P_eps.txt	7	1;3;2;5;4;7;6	833	73.14461	 0.07965404	 0.003175941	 0	 0.05620093	 0.001141273	 0.2894705	 0.004288919	 0.03065232	 0.02566484	 0.01307694	 0.02726401	 0.007044483	 0.07285998	 0.002635649	 0	 0	 0	 0	 0.2149151	 0.02792415	 0.006417712	 0.02857405	 0.004272765	 0.09913548	 0	 0	 0	 0	 0.005630851	 0
m7_S43_k0_eps0.2.P_eps.txt	7	1;3;2;5;4;7;6	901	74.76429	 0	 0.02614897	 0	 0	 0	 0	 0.03018681	 0	 0.07340379	 0	 0	 0.3421666	 0	 0	 0	 0.07825386	 0.003534319	 0	 0	 0	 0.00774603	 0.1272059	 0.2678264	 0	 0	 0	 0.003847439	 0.0312363	 0	 0.008443548
m7_S43_k0_eps0.3.P_eps.txt	7	1;3;2;5;4;7;6	815	119.394	 0.008482854	 0.04793102	 0.03489883	 0.1891198	 0.02630857	 0	 0	 0.03785692	 0.03599429	 0.02153458	 0	 0.03569611	 0	 0.03469683	 0.04955521	 0.06635915	 0.172324	 0.08832548	 0.004593007	 0.007652355	 0.05865534	 0.03973113	 0	 0.004205615	 0	 0	 0	 0.03607891	 0	 0
m7_S43_k1_eps0.1.P_eps.txt	7	1;3;2;5;4;7	542	44.65835	 0.06672399	 0	 0	 0	 0	 0.005058978	 0.2004523	 0	 0	 0	 0.03847133	 0	 0.1204152	 0.01579407	 0.209903	 0	 0	 0	 0.01151977	 0.05583906	 0	 0.04465984	 0.1340136	 0	 0	 0	 0.03462877	 0	 0.06251996	 0
m7_S43_k1_eps0.1.P_eps.txt	7	6	112	4.763665	 0.3173197	 0	 0	 0	 0	 0.04772719	 0.03395965	 0.05733823	 0	 0.01226539	 0	 0.03614257	 0	 0.02574394	 0.1299327	 0	 0.04818589	 0	 0	 0.01249812	 0	 0.1019273	 0.009164544	 0	 0	 0	 0	 0	 0.01875254	 0.1490423
m7_S43_k1_eps0.2.P_eps.txt	7	1;3;2;5;4;6	507	70.95791	 0.04133412	 0.01333165	 0.07517851	 0.2049897	 0.06050612	 0	 0.02461738	 0.2042173	 0.006921695	 0.04949149	 0	 0.05318981	 0	 0	 0	 0	 0	 0	 0.006093918	 0.05710409	 0.07266537	 0.02996974	 0	 0	 0.0189875	 0.04742906	 0.03397255	 0	 0	 0
m7_S43_k1_eps0.2.P_eps.txt	7	7	166	12.19935	 0.1758685	 0	 0	 0	 0.0570007	 0	 0	 0.06116128	 0.04401094	 0.01739112	 0.003001862	 0	 0	 0	 0.01177754	 0.03821528	 0	 0.2219851	 0.03113685	 0.004682086	 0	 0	 0.1257708	 0.02635759	 0	 0.06635627	 0.1152841	 0	 0	 0
m7_S43_k1_eps0.3.P_eps.txt	7	1;3;2;5;4;6	518	98.17251	 0	 0	 0	 0	 0	 0	 0.02108977	 0	 0.1064743	 0	 0	 0.1733467	 0.0297063	 0.03259527	 0.1138416	 0	 0.1259338	 0.02622993	 0.04385948	 0	 0.05774886	 0.03921772	 0.01913112	 0.002445421	 0	 0	 0.01710655	 0.07941204	 0.1118611	 0
m7_S43_k1_eps0.3.P_eps.txt	7	7	85	11.82838	 0	 0	 0	 0.05207376	 0.1985737	 0.01143511	 0	 0	 0	 0.08323095	 0	 0.08946482	 0	 0.113728	 0.100519	 0	 0	 0.01714323	 0	 0.07129275	 0.1561646	 0.02470885	 0.01141497	 0.0119768	 0	 0	 0.05827355	 0	 0	 0
m7_S43_k2_eps0.1.P_eps.txt	7	1;3;2;5;4	416	43.81398	 0.008641775	 0	 0	 0.02018602	 0.2722548	 0.005581	 0.008179758	 0.01430307	 0.1349133	 0.09984969	 0.01581588	 0.04250903	 0	 0	 0.008222651	 0.06539025	 0.01096681	 0	 0	 0.0371339	 0.01553465	 0	 0	 0.05877718	 0	 0.1234848	 0	 0	 0.05825545	 0
m7_S43_k2_eps0.1.P_eps.txt	7	7	161	10.10394	 0	 0	 0	 0.01089916	 0.05021688	 0	 0	 0	 0	 0	 0.01455072	 0.07465311	 0.04621882	 0	 0.009328907	 0	 0.1698017	 0.01745007	 0.1302946	 0	 0.02099897	 0	 0	 0.2178131	 0	 0.211613	 0	 0.005739985	 0	 0.02042097
m7_S43_k2_eps0.1.P_eps.txt	7	6	81	7.284605	 0.1006509	 0.02155083	 0	 0	 0	 0	 0	 0	 0	 0.07029651	 0.01676885	 0.3254062	 0	 0.01287908	 0	 0	 0.01582471	 0	 0.3107651	 0	 0	 0.01575045	 0	 0	 0.02488002	 0	 0	 0.004328637	 0.08089866	 0
m7_S43_k2_eps0.2.P_eps.txt	7	1;2;7	369	33.98898	 0.1165401	 0	 0	 0	 0	 0.07499896	 0	 0.005125329	 0.1442373	 0.04687117	 0	 0.0128774	 0	 0.02282792	 0	 0	 0.04667474	 0.009772321	 0.04743115	 0.03619639	 0.04301561	 0	 0.01817957	 0	 0.3109094	 0	 0	 0.06434262	 0	 0
m7_S43_k2_eps0.2.P_eps.txt	7	3	143	8.263077	 0.1070658	 0.001987502	 0.205159	 0	 0.06896731	 0	 0.04785444	 0	 0.08870107	 0.01085494	 0.02336296	 0	 0	 0	 0.03212017	 0.05318526	 0.06809819	 0	 0	 0	 0.1447136	 0.04134675	 0	 0	 0.02359176	 0	 0	 0.08299125	 0	 0
m7_S43_k2_eps0.2.P_eps.txt	7	5;4;6	205	35.09527	 0	 0.007099416	 0	 0	 0	 0	 0.005658866	 0	 0.0126502	 0	 0	 0.1246657	 0.01193192	 0.1018772	 0	 0.4462788	 0.0807446	 0.01478263	 0	 0.02433189	 0	 0.04066226	 0	 0	 0	 0.0282842	 0	 0	 0	 0.1010322
m7_S43_k2_eps0.3.P_eps.txt	7	1;3;2;5;4	713	82.58272	 0.0669779	 0.3355756	 0.002963813	 0.117736	 0	 0	 0	 0.02341414	 0	 0	 0.008806534	 0	 0.07187087	 0.04970893	 0.001827024	 0	 0	 0	 0	 0	 0.1885878	 0	 0.03334528	 0	 0.02030124	 0.04134462	 0	 0	 0.02536531	 0.01217502
m7_S43_k2_eps0.3.P_eps.txt	7	7	119	13.18963	 0	 0.009468637	 0.09759896	 0.01201879	 0	 0	 0.004965311	 0.1539732	 0	 0	 0.01726381	 0	 0.1249385	 0.02541943	 0	 0.03704128	 0	 0.03138726	 0	 0.04711583	 0	 0	 0	 0.3731354	 0	 0	 0.06567356	 0	 0	 0
m7_S43_k2_eps0.3.P_eps.txt	7	6	64	11.08819	 0	 0	 0	 0.02674868	 0.1015336	 0	 0.05542312	 0	 0	 0.2287207	 0	 0	 0.03946854	 0	 0	 0	 0.01412781	 0	 0.1538677	 0.2511628	 0.08856495	 0	 0	 0.04038209	 0	 0	 0	 0	 0	 0
m7_S49_k0_eps0.1.P_eps.txt	7	1;3;2;5;4;7;6	931	60.46216	 0.2163067	 0.02032439	 0	 0	 0	 0.01282181	 0.007977027	 0.009092694	 0.03438731	 0.09850848	 0.08908988	 0	 0.05036673	 0	 0.3238503	 0.007821956	 0.01733728	 0	 0.01039865	 0	 0.03765337	 0	 0	 0	 0.01580999	 0.02546584	 0	 0.006892845	 0.01589469	 0
m7_S49_k0_eps0.2.P_eps.txt	7	1;3;2;5;4;7;6	853	78.44308	 0.0639606	 0.006282231	 0.04077841	 0	 0.1600456	 0.004476795	 0.03193905	 0	 0	 0.0417961	 0	 0.06273385	 0	 0.05147762	 0	 0.1149354	 0.04188922	 0.01944455	 0.01103913	 0.04521094	 0.08326606	 0	 0.0218289	 0	 0.006553139	 0.1323397	 0.02042505	 0.01819834	 0	 0.02137929
m7_S49_k0_eps0.3.P_eps.txt	7	1;3;2;5;4;7;6	676	113.4208	 0.04480968	 0.0009392998	 0	 0.3723367	 0	 0.2414683	 0	 0	 0	 0.01880549	 0	 0	 0	 0.004618756	 0	 0	 0	 0.02089468	 0	 0	 0	 0.06455423	 0	 0.02680846	 0	 0	 0.005791034	 0	 0.05090328	 0.1480702
m7_S49_k1_eps0.1.P_eps.txt	7	1;3;2;5;4	371	39.39437	 0	 0.02970796	 0	 0	 0.3747956	 0.1251761	 0.2123102	 0	 0	 0	 0	 0.04497143	 0	 0	 0.004231728	 0.03470619	 0	 0	 0	 0.02648611	 0.0417749	 0.06830371	 0.02588632	 0	 0	 0	 0	 0	 0.01164976	 0
m7_S49_k1_eps0.1.P_eps.txt	7	7;6	281	19.75313	 0	 0.1118427	 0.04398507	 0.1307796	 0.004637301	 0.07884963	 0.09939963	 0	 0	 0.009534685	 0.01749899	 0	 0.1776618	 0.0178512	 0	 0.04425792	 0.01063873	 0.01760605	 0.007395493	 0.03773577	 0.0260143	 0.01523938	 0.001285128	 0.01522744	 0.06999319	 0	 0	 0.02695269	 0	 0.03561334
m7_S49_k1_eps0.2.P_eps.txt	7	1;3;2;5;4;7;6	706	83.76021	 0	 0.08208691	 0	 0.01144866	 0.1821915	 0	 0.009213184	 0.01774821	 0	 0.07759241	 0	 0.1243327	 0	 0.02325599	 0.004930769	 0.02506636	 0	 0.1945541	 0	 0.01901187	 0.02658556	 0	 0	 0	 0	 0.06350474	 0.1334951	 0	 0	 0.004981873
m7_S49_k1_eps0.3.P_eps.txt	7	1;7;6	281	44.35838	 0.01055839	 0.01917812	 0	 0.02682956	 0.01428463	 0.03380748	 0	 0.02835385	 0.2733745	 0	 0.004979205	 0.03552793	 0	 0	 0	 0.03054628	 0.05741751	 0.01374547	 0.01506334	 0	 0.01186117	 0	 0.09353315	 0	 0.03450562	 0.2964337	 0	 0	 0	 0
m7_S49_k1_eps0.3.P_eps.txt	7	3;2;5;4	670	72.06543	 0.1525498	 0	 0.004410813	 0	 0.06596265	 0	 0.005140176	 0.05508144	 0.07846485	 0.1269168	 0.01733894	 0	 0	 0	 0.1005937	 0	 0	 0.009666022	 0.03863771	 0	 0	 0	 0.02203029	 0.03053679	 0.03149323	 0.01825002	 0	 0.07028948	 0.01585685	 0.1567634
m7_S49_k2_eps0.1.P_eps.txt	7	1;7;6	286	28.06689	 0	 0	 0	 0.3528803	 0	 0	 0.1031701	 0	 0	 0.04580127	 0.1234135	 0	 0.03493077	 0.2101171	 0	 0	 0	 0	 0	 0.004095448	 0.004242596	 0.01274106	 0.06508542	 0.02510283	 0	 0	 0	 0	 0	 0.01841956
m7_S49_k2_eps0.1.P_eps.txt	7	3;2;5;4	462	57.46543	 0	 0.3275771	 0	 0.144596	 0	 0	 0	 0.07635705	 0	 0.02054577	 0	 0	 0	 0	 0.06000091	 0.01911998	 0.0119471	 0.01918416	 0.02185204	 0	 0	 0	 0.03468049	 0.03383006	 0	 0.07098046	 0	 0.08439503	 0.0749338	 0
m7_S49_k2_eps0.2.P_eps.txt	7	1;7;6	181	31.50409	 0	 0	 0	 0	 0	 0	 0.02678991	 0.03469156	 0.02116478	 0	 0.01767882	 0	 0.07736885	 0.01061201	 0.05645605	 0.2265468	 0.002461873	 0	 0.02298503	 0	 0	 0.1355522	 0	 0.01187641	 0	 0	 0	 0.3119082	 0	 0.04390738
m7_S49_k2_eps0.2.P_eps.txt	7	3	172	10.86	 0.06399902	 0	 0	 0	 0.07390547	 0.2293278	 0.002398	 0.07350719	 0	 0	 0.01681265	 0	 0.04702382	 0.008634227	 0.04726494	 0.004256536	 0.1522637	 0	 0	 0	 0	 0	 0.04603253	 0.1138668	 0.01647306	 0	 0.04006681	 0.02062286	 0.0435445	 0
m7_S49_k2_eps0.2.P_eps.txt	7	2;5;4	426	35.10742	 0	 0	 0.07362066	 0.008595099	 0	 0.05190541	 0	 0.1734764	 0	 0	 0	 0	 0.1565003	 0.02356646	 0.002085201	 0	 0	 0.006999635	 0.1532654	 0.03131496	 0	 0.004503912	 0.00519026	 0	 0.2609424	 0.003407713	 0	 0	 0.006465446	 0.0381607
m7_S49_k2_eps0.3.P_eps.txt	7	1;3;2;4	325	53.93786	 0.006432745	 0.08648567	 0	 0	 0.1677299	 0.01339948	 0	 0.008703991	 0.06320807	 0	 0.071364	 0.007868965	 0	 0.01239878	 0.02295109	 0	 0	 0.3305526	 0	 0	 0.1613672	 0	 0	 0	 0	 0.02684302	 0	 0.01117027	 0.009524124	 0
m7_S49_k2_eps0.3.P_eps.txt	7	5	160	16.33207	 0	 0	 0.1053667	 0	 0	 0.1118118	 0	 0	 0	 0.03084644	 0.006244389	 0.0247177	 0.3474991	 0	 0	 0	 0.02460716	 0	 0	 0.008035026	 0	 0	 0	 0	 0	 0	 0	 0.01593409	 0.3249376	 0
m7_S49_k2_eps0.3.P_eps.txt	7	7;6	254	29.08606	 0.01920113	 0.03369599	 0.07410758	 0.06140093	 0.06874754	 0.003672912	 0.008636246	 0.07714627	 0.03218887	 0	 0	 0	 0	 0	 0.02105905	 0.02858409	 0	 0.1525184	 0.009838902	 0	 0.08661489	 0.05231892	 0	 0	 0	 0.05487963	 0.002996642	 0.04071715	 0.1716749	 0
m7_S61_k0_eps0.1.P_eps.txt	7	1;3;2;5;4;7;6	516	67.38521	 0.02989925	 0.1838495	 0	 0.01431394	 0.42179	 0.06033144	 0.03488774	 0	 0.07053415	 0	 0.006623796	 0.01011417	 0.01891628	 0.03199518	 0.002303229	 0	 0	 0.03999011	 0	 0.005890323	 0	 0	 0.04702371	 0.0131698	 0	 0	 0	 0	 0	 0.008367392
m7_S61_k0_eps0.2.P_eps.txt	7	1;3;2;5;4;7;6	1045	83.5996	 0	 0.002518196	 0	 0.1133679	 0.1440084	 0.01201434	 0.002356607	 0	 0.2904255	 0	 0	 0	 0	 0.01097525	 0.008691795	 0.01677032	 0	 0.1089058	 0.146713	 0	 0	 0	 0.001465203	 0.1372958	 0	 0.004491808	 0	 0	 0	 0
m7_S61_k0_eps0.3.P_eps.txt	7	1;3;2;5;4;7;6	917	103.9164	 0.1442718	 0.1150663	 0	 0.01330483	 0.04808557	 0.04170736	 0.01266978	 0.2550354	 0.06315818	 0.01831746	 0.0020486	 0	 0	 0.01050355	 0.03423943	 0	 0	 0.02883419	 0	 0.01466998	 0.03357473	 0.002750324	 0.004331372	 0.02384815	 0.1194075	 0	 0	 0	 0	 0.01417549
m7_S61_k1_eps0.1.P_eps.txt	7	1;3;2;5;4;6	741	51.85056	 0	 0.04856601	 0.1794966	 0	 0	 0	 0	 0	 0	 0.05740555	 0.02665034	 0.01305286	 0	 0.01539053	 0.1201963	 0	 0.1195438	 0	 0.006543861	 0	 0.002674997	 0.1920325	 0.005828544	 0.06277187	 0.1200268	 0	 0.01896017	 0	 0	 0.01085928
m7_S61_k1_eps0.1.P_eps.txt	7	7	171	7.699278	 0.05603004	 0	 0	 0	 0	 0.02930278	 0	 0	 0.0501473	 0.03117382	 0	 0	 0	 0	 0	 0.2422187	 0	 0.1754125	 0	 0.012328	 0.02271799	 0.1283896	 0.01151761	 0.009598135	 0	 0.1857143	 0.008488989	 0.01103009	 0.01957423	 0.006355954
m7_S61_k1_eps0.2.P_eps.txt	7	1;3;2;5;7;6	744	70.65032	 0	 0.003016665	 0.003850791	 0	 0.08348538	 0	 0	 0.023731	 0.07763935	 0	 0.004629921	 0.03783309	 0	 0	 0	 0	 0.0396331	 0.007072565	 0.2208187	 0.02547165	 0	 0	 0.206556	 0.09899168	 0	 0	 0.1043112	 0.01071374	 0.03486145	 0.01738376
m7_S61_k1_eps0.2.P_eps.txt	7	4	154	9.709798	 0.003519846	 0	 0.07159479	 0.04083376	 0.07554254	 0	 0	 0	 0	 0.1389259	 0	 0	 0	 0.08167666	 0	 0	 0.06384177	 0	 0	 0	 0.02423493	 0	 0	 0.0462883	 0.3572884	 0	 0.02888418	 0.006140553	 0.06122844	 0
m7_S61_k1_eps0.3.P_eps.txt	7	1;3;2;5;4;7;6	456	117.9741	 0	 0.01792501	 0.02686064	 0.01213548	 0	 0	 0	 0.01361167	 0	 0.08595871	 0.004538133	 0	 0.4284646	 0	 0.07965675	 0.02831838	 0	 0.1032613	 0.03459788	 0.04077201	 0	 0	 0	 0.01594225	 0.008883908	 0.01350445	 0	 0.03673757	 0.04883124	 0
m7_S61_k2_eps0.1.P_eps.txt	7	1;2;7;6	422	38.10188	 0.08653704	 0	 0	 0.08356356	 0	 0	 0	 0	 0	 0	 0	 0.01991703	 0	 0.1645551	 0	 0.01615802	 0.2401963	 0.02971261	 0	 0.00562578	 0	 0	 0	 0.2014603	 0	 0.0297203	 0	 0.001751683	 0.1208023	 0
m7_S61_k2_eps0.1.P_eps.txt	7	3;4	191	16.02562	 0.03213434	 0	 0	 0	 0.004024625	 0.02134646	 0.02564138	 0.3710906	 0	 0.007927818	 0.0460618	 0.08201051	 0	 0	 0.003394698	 0	 0.008018012	 0	 0	 0.0767027	 0	 0.01089402	 0.04021436	 0.006109419	 0.1797759	 0	 0	 0	 0.04936394	 0.03528938
m7_S61_k2_eps0.1.P_eps.txt	7	5	40	9.185859	 0	 0	 0	 0	 0	 0.3322339	 0	 0	 0	 0.03501446	 0	 0.06058427	 0.1129173	 0	 0.09906171	 0.1155747	 0.05087357	 0	 0.06915807	 0	 0	 0.03434028	 0	 0	 0	 0.07779185	 0	 0.01244988	 0	 0
m7_S61_k2_eps0.2.P_eps.txt	7	1;2;7;6	413	41.83199	 0	 0.006365483	 0	 0.1489705	 0.0008263964	 0	 0.01550451	 0	 0.0856087	 0.07984574	 0.09666265	 0	 0	 0.009365006	 0.1211971	 0	 0.0110293	 0	 0.03206935	 0.007626352	 0.1133748	 0	 0.2325524	 0	 0	 0	 0	 0	 0.03900168	 0
m7_S61_k2_eps0.2.P_eps.txt	7	3;4	223	25.41732	 0.01581541	 0.1313957	 0	 0	 0	 0.01759731	 0.008802307	 0	 0.05458558	 0	 0	 0.04912423	 0	 0	 0.01707422	 0.06432088	 0	 0	 0.0513545	 0	 0.01884133	 0	 0	 0.06071142	 0	 0	 0.1683143	 0	 0	 0.3420628
m7_S61_k2_eps0.2.P_eps.txt	7	5	162	11.41645	 0.3068242	 0.03336639	 0	 0	 0	 0.08151993	 0.1387717	 0	 0.01042857	 0.01540638	 0	 0.0233778	 0	 0	 0	 0	 0	 0.04272602	 0.03196811	 0	 0.1433992	 0	 0.1175004	 0.009678311	 0	 0.01764221	 0	 0	 0.02739082	 0
m7_S61_k2_eps0.3.P_eps.txt	7	1;3;5;4;7;6	695	124.6405	 0.005543266	 0.005575291	 0	 0	 0	 0.08131406	 0.1044416	 0	 0	 0.05482405	 0.1641079	 0	 0	 0.2490868	 0.1437075	 0	 0.0214343	 0.04625514	 0	 0.006306726	 0.03635657	 0	 0.01824807	 0.04352336	 0	 0.01891127	 0	 0	 0	 0.0003640384
m7_S61_k2_eps0.3.P_eps.txt	7	2	138	14.24184	 0	 0	 0	 0	 0.1044529	 0.05645356	 0.008366198	 0	 0.04675631	 0	 0.2183513	 0.02124585	 0	 0	 0.1003345	 0	 0	 0	 0.05662473	 0.02896254	 0	 0	 0.0527596	 0	 0.06262408	 0.0578223	 0	 0.07908645	 0.02282167	 0.0833381
m7_S66_k0_eps0.1.P_eps.txt	7	1;3;2;5;4;7;6	704	58.30475	 0	 0.01658509	 0	 0	 0	 0	 0.1276861	 0.05405073	 0.1146451	 0	 0.02532243	 0.04182143	 0.1462805	 0.03706379	 0	 0.002469158	 0	 0.03085062	 0.04682237	 0	 0.05861998	 0.2009244	 0.03967971	 0	 0	 0	 0.04277563	 0	 0.01440286	 0
m7_S66_k0_eps0.2.P_eps.txt	7	1;3;2;5;4;7;6	685	93.66288	 0.0296399	 0	 0.08760558	 0.01182621	 0.08550923	 0	 0	 0	 0	 0.1162939	 0	 0	 0	 0	 0.013073	 0.02005869	 0	 0	 0.01951394	 0	 0	 0	 0.02115867	 0.3171609	 0.01735142	 0	 0	 0.02019663	 0.2406119	 0
m7_S66_k0_eps0.3.P_eps.txt	7	1;3;2;5;4;7;6	560	99.29183	 0	 0	 0	 0.07038888	 0.0002283132	 0	 0.22903	 0.04860334	 0.01101009	 0	 0.02218765	 0	 0.1746597	 0	 0	 0.1481927	 0	 0.04311945	 0.02910902	 0	 0.0879848	 0	 0.06753548	 0	 0	 0.05110049	 0	 0	 0.01685006	 0
m7_S66_k1_eps0.1.P_eps.txt	7	1;3;2;5;4;6	665	43.4651	 0.00406154	 0	 0	 0.002381621	 0	 0.006882495	 0	 0	 0	 0.05126307	 0	 0	 0	 0.02218329	 0	 0	 0.01023449	 0	 0.009291892	 0.001676616	 0.008169845	 0.3896211	 0	 0	 0.001375745	 0	 0.07889553	 0.351904	 0.04374816	 0.01831063
m7_S66_k1_eps0.1.P_eps.txt	7	7	21	5.111174	 0	 0	 0	 0	 0	 0.2179724	 0.0599511	 0	 0	 0	 0	 0	 0.1274137	 0	 0	 0	 0.07350045	 0	 0.1980983	 0.206836	 0	 0	 0.03843338	 0	 0	 0.07779462	 0	 0	 0	 0
m7_S66_k1_eps0.2.P_eps.txt	7	1;3;2;7;6	512	55.92522	 0.00518654	 0	 0.02943088	 0.3589385	 0.1209235	 0.02965367	 0	 0	 0.1009298	 0	 0.0224498	 0.03115242	 0	 0.04113647	 0	 0	 0	 0	 0.003982651	 0.02374163	 0.07582525	 0.04879097	 0	 0	 0	 0	 0	 0.07940312	 0.006705462	 0.02174934
m7_S66_k1_eps0.2.P_eps.txt	7	5;4	300	19.38603	 0.04768064	 0.003576803	 0	 0	 0.03731868	 0	 0.08911143	 0	 0	 0.06595224	 0.166156	 0	 0.04996701	 0	 0.01200937	 0	 0.009268918	 0.07145101	 0	 0	 0.02159831	 0.03905274	 0.01949784	 0	 0.02243395	 0	 0.02201563	 0.1149632	 0.1613606	 0.04658563
m7_S66_k1_eps0.3.P_eps.txt	7	1;3;2;7;6	666	80.1697	 0	 0.2623337	 0	 0	 0.1993332	 0.06719739	 0	 0.02696529	 0	 0	 0.01659472	 0	 0	 0.002113383	 0.00649258	 0	 0.06454458	 0	 0	 0	 0.00981344	 0	 0.03785271	 0.02370336	 0.003643403	 0	 0	 0.05687735	 0.1855233	 0.03701156
m7_S66_k1_eps0.3.P_eps.txt	7	5;4	206	29.73054	 0	 0.004471036	 0.01063109	 0	 0.001389427	 0	 0.01505808	 0.0566183	 0.03229411	 0.02316058	 0.01105318	 0	 0.03053973	 0	 0	 0.03095215	 0.02008417	 0.1725998	 0	 0.03031647	 0.389798	 0	 0.05043481	 0.07843099	 0.01136588	 0.03080217	 0	 0	 0	 0
m7_S66_k2_eps0.1.P_eps.txt	7	1;3;2;7;6	624	46.92903	 0.01543979	 0.008569668	 0.1391825	 0	 0	 0.07190138	 0.001662582	 0	 0	 0	 0.2041441	 0	 0	 0.02922712	 0.01543684	 0	 0.1557961	 0.01542092	 0	 0	 0.01736489	 0	 0.003863116	 0.05520336	 0.009612682	 0	 0.1147227	 0.1424521	 0	 0
m7_S66_k2_eps0.1.P_eps.txt	7	5;4	148	16.60494	 0.1849998	 0	 0	 0.04773082	 0.001785493	 0	 0	 0.06970822	 0	 0.07557124	 0.0580146	 0.05704272	 0	 0.04458634	 0	 0	 0	 0.06426737	 0	 0	 0.06827344	 0	 0.004505769	 0	 0.1482468	 0	 0.04467519	 0.004173069	 0.1012747	 0.02514443
m7_S66_k2_eps0.2.P_eps.txt	7	1;3;5;4;7	413	46.49562	 0	 0.001780965	 0	 0	 0	 0	 0.003796005	 0	 0.06792557	 0	 0.07027163	 0	 0.04480962	 0	 0.01521076	 0.00360384	 0.09192347	 0.03940159	 0.02284456	 0	 0.03961904	 0	 0.2969379	 0.01804748	 0.003106811	 0	 0.2727943	 0	 0.007926469	 0
m7_S66_k2_eps0.2.P_eps.txt	7	2	108	9.826738	 0	 0.02960185	 0	 0	 0	 0	 0.03206665	 0	 0	 0.02846112	 0	 0.07673708	 0.1521435	 0	 0	 0.01366234	 0.263913	 0.147189	 0.01561657	 0	 0	 0	 0.09376416	 0.08709415	 0.02714785	 0.02225015	 0	 0.01035258	 0	 0
m7_S66_k2_eps0.2.P_eps.txt	7	6	70	7.105018	 0	 0	 0	 0	 0	 0	 0.0459376	 0	 0	 0.1189703	 0	 0.1487247	 0	 0	 0	 0	 0.01673828	 0.1851668	 0.08230056	 0.01784037	 0	 0	 0.1222572	 0.02250265	 0	 0.04767219	 0	 0	 0.1918892	 0
m7_S66_k2_eps0.3.P_eps.txt	7	1;3;2;4;7;6	668	116.0643	 0	 0	 0	 0.005174224	 0	 0	 0.009789928	 0.063202	 0	 0.023756	 0.004353879	 0	 0.04220382	 0.06770364	 0	 0	 0	 0.2504243	 0	 0.01616635	 0.04092144	 0	 0.1282608	 0.03312891	 0.005259846	 0.07136917	 0.1214336	 0	 0.1168522	 0
m7_S66_k2_eps0.3.P_eps.txt	7	5	162	17.45089	 0.006495086	 0.008582968	 0	 0.008477121	 0.2062579	 0	 0	 0	 0	 0.3267016	 0.004286621	 0	 0	 0.02724177	 0	 0.1268226	 0.01421032	 0.0622048	 0.01418894	 0	 0	 0	 0.02619681	 0.0176178	 0	 0.07527759	 0	 0.01199208	 0.06344602	 0
m7_S7_k0_eps0.1.P_eps.txt	7	1;3;2;5;4;7;6	686	60.2175	 0.2270862	 0	 0	 0	 0	 0	 0	 0.05675671	 0	 0	 0.009086647	 0	 0.1249942	 0.04550069	 0	 0	 0	 0.06934763	 0.01148768	 0	 0.01324764	 0	 0.008042626	 0	 0.09769179	 0.1264411	 0.02723849	 0.1716405	 0.01143806	 0
m7_S7_k0_eps0.2.P_eps.txt	7	1;3;2;5;4;7;6	1001	82.76884	 0.001925124	 0	 0.0206555	 0	 0	 0	 0.02984211	 0	 0	 0	 0.2523135	 0	 0	 0	 0.09207666	 0	 0.02514329	 0.02235477	 0.2728395	 0	 0	 0	 0.007198496	 0.004278837	 0.007147817	 0.004257943	 0.09441617	 0.1655503	 0	 0
m7_S7_k0_eps0.3.P_eps.txt	7	1;3;2;5;4;7;6	817	104.9543	 0.01465415	 0.01167511	 0.01325181	 0	 0	 0.1605697	 0	 0.01518266	 0	 0.1335841	 0.0102889	 0	 0	 0.008368405	 0.02207793	 0	 0	 0.06310389	 0.02786057	 0.01411048	 0	 0	 0.3880436	 0.05108678	 0	 0	 0	 0.00724462	 0	 0.05889737
m7_S7_k1_eps0.1.P_eps.txt	7	1;3;2	240	24.25655	 0.2631185	 0.04194513	 0	 0	 0.1013178	 0	 0.002588909	 0	 0	 0	 0	 0.05226302	 0.05467656	 0	 0.00317176	 0.03948155	 0	 0	 0.1826053	 0.02126257	 0.04088763	 0	 0.02406363	 0	 0.05984877	 0.02850423	 0.04050821	 0	 0.04375645	 0
m7_S7_k1_eps0.1.P_eps.txt	7	5;4;7;6	517	32.48272	 0.01631425	 0.002234374	 0	 0	 0	 0.0110096	 0	 0.03282935	 0	 0.1915331	 0.004256691	 0.04404404	 0	 0.09467487	 0.002662368	 0	 0.01461931	 0.08325883	 0.02252181	 0.009222281	 0.05431876	 0.1023107	 0.06734277	 0	 0	 0.1395466	 0	 0.01508421	 0.09221608	 0
m7_S7_k1_eps0.2.P_eps.txt	7	1;3;2	443	37.58311	 0	 0.06457406	 0.1267697	 0	 0.1346736	 0	 0	 0.08841386	 0	 0.1041474	 0.02814461	 0.002546666	 0	 0	 0.2038672	 0	 0.009742739	 0	 0	 0	 0.01590006	 0	 0.03673922	 0.02910756	 0.08575192	 0	 0	 0.01833761	 0.05128382	 0
m7_S7_k1_eps0.2.P_eps.txt	7	5;4;7;6	416	44.15577	 0.01443087	 0.04232494	 0	 0	 0.03810217	 0	 0.03841805	 0.08753914	 0	 0.4224492	 0.02351478	 0.008002951	 0.08042122	 0	 0.01020337	 0.01443336	 0.05604568	 0	 0	 0.004770002	 0.01510114	 0	 0.01529304	 0	 0.08187268	 0.04356545	 0	 0.003511962	 0	 0
m7_S7_k1_eps0.3.P_eps.txt	7	1;3;2;5;4;6	589	103.0151	 0.01098281	 0.006158199	 0.1522475	 0	 0	 0.006854004	 0	 0.03139609	 0.01213637	 0.02663076	 0.1952813	 0	 0	 0.02986364	 0	 0.0407471	 0	 0	 0	 0.1232951	 0.01369715	 0	 0.06461125	 0	 0.07110069	 0.01637509	 0.1986229	 0	 0	 0
m7_S7_k1_eps0.3.P_eps.txt	7	7	187	9.490736	 0	 0	 0	 0	 0	 0.01484132	 0.008601607	 0.1006332	 0.08568515	 0.1448271	 0.007884019	 0	 0	 0.2198412	 0.0758416	 0	 0	 0.04069618	 0.0193893	 0	 0	 0.03435835	 0.03085264	 0.002728743	 0	 0	 0	 0.184516	 0	 0.02930345
m7_S7_k2_eps0.1.P_eps.txt	7	1;3;2	194	28.23522	 0	 0	 0	 0.1498776	 0.1083261	 0	 0.01477026	 0	 0	 0.01422747	 0.07259522	 0.06160434	 0	 0	 0.04646619	 0.1310781	 0.01063661	 0	 0	 0.04325374	 0.1568041	 0	 0.00463014	 0.118256	 0	 0.06747422	 0	 0	 0	 0
m7_S7_k2_eps0.1.P_eps.txt	7	5;4;6	306	27.14712	 0.009680097	 0.01346723	 0	 0.02525752	 0	 0	 0.001993263	 0.0332403	 0	 0	 0.01308772	 0.015997	 0.04110565	 0.05530159	 0.004597813	 0.5077517	 0.0499903	 0	 0	 0	 0	 0	 0	 0.05332709	 0.161225	 0.01397773	 0	 0	 0	 0
m7_S7_k2_eps0.1.P_eps.txt	7	7	68	5.419894	 0.2729457	 0	 0	 0	 0	 0.005516318	 0	 0	 0	 0.00715679	 0.02251426	 0.1114617	 0	 0	 0.0343167	 0	 0.02495071	 0.3635444	 0	 0.07166435	 0.03588877	 0	 0.004838343	 0	 0	 0	 0	 0	 0.04520194	 0
m7_S7_k2_eps0.2.P_eps.txt	7	1;3;2	194	28.86825	 0.05601389	 0	 0	 0.02680521	 0.001828702	 0.131649	 0.004953909	 0	 0	 0	 0	 0.0493306	 0.06189697	 0.1469038	 0	 0.04298954	 0.003781019	 0	 0.06436224	 0.02867239	 0.1212101	 0	 0.05661839	 0	 0.02691835	 0	 0	 0.08861959	 0.08744624	 0
m7_S7_k2_eps0.2.P_eps.txt	7	5	170	11.45544	 0.02857085	 0.162734	 0	 0	 0.01275038	 0.1035788	 0.01280192	 0.1297505	 0.1737339	 0.007011496	 0	 0.06681718	 0	 0	 0	 0.0444685	 0	 0	 0	 0	 0.003586214	 0.05645455	 0.05297293	 0	 0.03140858	 0	 0	 0.04755209	 0.06580811	 0
m7_S7_k2_eps0.2.P_eps.txt	7	4;7;6	350	36.49488	 0.07895289	 0.04448496	 0	 0.03379281	 0.1411406	 0.06414613	 0.03211788	 0.04907904	 0.01090561	 0.09433726	 0	 0	 0.04024435	 0.05843805	 0.02091812	 0.04237028	 0	 0	 0.01511915	 0	 0.05121596	 0	 0	 0.07579865	 0.02968917	 0.01438634	 0.1028627	 0	 0	 0
m7_S7_k2_eps0.3.P_eps.txt	7	1;3;2;5;4	692	84.73933	 0.03537435	 0.09491841	 0.07115386	 0	 0	 0	 0.001567331	 0.0977556	 0.02046106	 0.09929552	 0	 0.02756261	 0.169359	 0	 0	 0	 0.03750484	 0	 0	 0	 0	 0.03220144	 0	 0.1026772	 0	 0.01733427	 0	 0.03313441	 0.02191164	 0.1377885
m7_S7_k2_eps0.3.P_eps.txt	7	7	158	16.19436	 0.02688572	 0	 0	 0.1504399	 0	 0.01245018	 0.006379538	 0	 0.05040509	 0.1193572	 0.2873436	 0	 0	 0	 0	 0	 0	 0.0573812	 0	 0	 0.006665511	 0.1795482	 0.004910317	 0.06248928	 0	 0	 0.005006632	 0	 0.03073758	 0
m7_S7_k2_eps0.3.P_eps.txt	7	6	83	14.27958	 0.02600744	 0.1938859	 0	 0.01831659	 0.07222427	 0.03755271	 0	 0	 0.0130613	 0	 0.007458065	 0	 0.09096476	 0	 0.09523705	 0	 0.02110735	 0.04556401	 0.04830876	 0	 0.1731792	 0.02151367	 0	 0	 0	 0.01292806	 0.02361338	 0	 0.09907745	 0
m7_S81_k0_eps0.1.P_eps.txt	7	1;3;2;5;4;7;6	861	62.37905	 0.0102603	 0.1164272	 0	 0.06077909	 0	 0.05648427	 0.06349955	 0.01427236	 0.0464192	 0	 0.005446727	 0.05023685	 0.1181435	 0.263292	 0	 0	 0.01737255	 0.01052061	 0	 0.0260411	 0.01164099	 0.04490759	 0.002956094	 0.03211167	 0	 0	 0	 0	 0	 0.04918824
m7_S81_k0_eps0.2.P_eps.txt	7	1;3;2;5;4;7;6	851	75.84588	 0.09091881	 0.006581267	 0	 0	 0	 0	 0	 0.007476962	 0.02112392	 0	 0.03566946	 0.02707088	 0	 0.1542865	 0	 0.02290726	 0	 0.02974101	 0	 0	 0.02342364	 0.05715627	 0.0063666	 0	 0.2187718	 0.06928454	 0.01891603	 0.1705153	 0.0206671	 0.01912259
m7_S81_k0_eps0.3.P_eps.txt	7	1;3;2;5;4;7;6	650	114.4352	 0	 0	 0	 0	 0	 0	 0.03169033	 0.003705859	 0.02224452	 0.1762919	 0.01243213	 0	 0.05790035	 0	 0	 0.02593723	 0	 0	 0.06755745	 0	 0.05619876	 0	 0.02906719	 0.1497483	 0.03245343	 0	 0.2640042	 0	 0	 0.07076837
m7_S81_k1_eps0.1.P_eps.txt	7	1;7	179	18.30141	 0	 0.009256895	 0	 0	 0.1379656	 0	 0	 0	 0.03661359	 0	 0.009749397	 0.210086	 0	 0.1166932	 0	 0.06325092	 0.01248123	 0.00423619	 0.08308015	 0.04733406	 0	 0.01208949	 0.005126673	 0	 0.03513859	 0	 0	 0.198659	 0.01823894	 0
m7_S81_k1_eps0.1.P_eps.txt	7	3;2;5;4;6	813	45.81452	 0	 0	 0	 0.0320036	 0	 0	 0.01125306	 0	 0	 0	 0.1749895	 0.07790119	 0	 0.007331044	 0.00996489	 0	 0.05165825	 0.1892193	 0.006821049	 0.003803456	 0.3598453	 0	 0.02387148	 0	 0	 0	 0.03336399	 0	 0.004815821	 0.01315801
m7_S81_k1_eps0.2.P_eps.txt	7	1;2;5;4;7;6	631	78.43441	 0.08493014	 0.01090958	 0.05645385	 0	 0.1767748	 0	 0	 0.02428691	 0.0232968	 0	 0	 0.01260895	 0	 0	 0.03310945	 0.09002339	 0	 0	 0.03075321	 0.02674849	 0.02766067	 0.1103316	 0	 0.1991697	 0.05417779	 0.01968598	 0	 0	 0.01907863	 0
m7_S81_k1_eps0.2.P_eps.txt	7	3	176	8.657625	 0.006779685	 0.01313331	 0	 0	 0	 0	 0.07297149	 0	 0.03207963	 0.3054944	 0	 0	 0	 0	 0.1044657	 0.01502042	 0	 0	 0	 0	 0.002820737	 0.005097883	 0.0156958	 0	 0.3034188	 0	 0.1204844	 0	 0	 0.00253767
m7_S81_k1_eps0.3.P_eps.txt	7	1;3;2;4;7;6	494	91.38927	 0.1005947	 0.0125183	 0.09236284	 0	 0.002074589	 0.03081501	 0	 0.09675586	 0.03097811	 0	 0.002567	 0.07709513	 0	 0	 0.01402617	 0.1040621	 0	 0	 0	 0	 0	 0	 0	 0.2546849	 0	 0.0169237	 0.07394563	 0.09059595	 0	 0
m7_S81_k1_eps0.3.P_eps.txt	7	5	74	11.40708	 0.05269435	 0.02275368	 0	 0.03794808	 0	 0	 0	 0	 0.04959136	 0.008739185	 0.01750786	 0.02182867	 0	 0.0327592	 0	 0	 0.06735049	 0.06135067	 0	 0.02790592	 0.03228336	 0.04006345	 0	 0	 0.1624913	 0	 0.3456486	 0.01908387	 0	 0
m7_S81_k2_eps0.1.P_eps.txt	7	1;3;2;4;7	543	50.49113	 0.01369219	 0.02423836	 0	 0.01564633	 0	 0.1166425	 0.05111848	 0	 0	 0.3148452	 0.02045604	 0	 0	 0.005753502	 0.006230813	 0.02595762	 0	 0.05810846	 0.09469717	 0	 0	 0	 0.03765675	 0.03874123	 0.01261489	 0	 0.05720089	 0.03093806	 0	 0.07546157
m7_S81_k2_eps0.1.P_eps.txt	7	5	162	8.742155	 0	 0.1347111	 0	 0.05374209	 0	 0.05029811	 0	 0	 0.0256106	 0.002030804	 0	 0.008453293	 0	 0.0309927	 0	 0.02932731	 0.03012424	 0.003798404	 0	 0.01734644	 0.003615867	 0	 0.006934863	 0.02199682	 0	 0.04775957	 0.06432694	 0.2434121	 0.1267315	 0.09878719
m7_S81_k2_eps0.1.P_eps.txt	7	6	52	6.893917	 0	 0	 0	 0	 0	 0.03100946	 0.152452	 0.2891384	 0	 0	 0	 0	 0	 0	 0	 0	 0	 0	 0.1582453	 0.06167483	 0	 0.2938598	 0	 0	 0	 0	 0.01362032	 0	 0	 0
m7_S81_k2_eps0.2.P_eps.txt	7	1;2;5;4;7;6	571	72.40515	 0.01251174	 0.008014546	 0.01104061	 0.02299608	 0	 0	 0	 0	 0.1977845	 0.008458103	 0	 0.1397672	 0	 0	 0.1184404	 0	 0	 0.008984683	 0	 0.3400423	 0.01764998	 0	 0	 0	 0.1143098	 0	 0	 0	 0	 0
m7_S81_k2_eps0.2.P_eps.txt	7	3	102	11.9843	 0	 0	 0.02419435	 0	 0	 0	 0	 0	 0	 0	 0	 0	 0	 0	 0	 0.2090145	 0.08058606	 0.02584432	 0.05041378	 0.02303279	 0.07688713	 0	 0.008238328	 0.05198742	 0.2471903	 0.07585388	 0.126757	 0	 0	 0
m7_S81_k2_eps0.3.P_eps.txt	7	1;3;2;7;6	400	81.48799	 0.1511661	 0	 0.01382339	 0.05709652	 0	 0.003662787	 0.02098426	 0	 0	 0.04424409	 0	 0.02246644	 0	 0.01286878	 0.005162542	 0.1275676	 0	 0	 0.02082476	 0.03956241	 0	 0.3742211	 0.0282814	 0	 0.03293097	 0.03267671	 0	 0	 0	 0.01246006
m7_S81_k2_eps0.3.P_eps.txt	7	5	64	11.2786	 0	 0	 0	 0	 0	 0.458345	 0.03247249	 0	 0	 0.03060915	 0.1136469	 0	 0	 0	 0.03739402	 0	 0.08557315	 0	 0.06328291	 0.03478678	 0.04211681	 0.03796096	 0	 0	 0	 0	 0	 0.01908178	 0	 0.04473007
m7_S81_k2_eps0.3.P_eps.txt	7	4	74	15.23829	 0.008580598	 0.01844085	 0	 0	 0	 0.06562858	 0.08191857	 0	 0	 0	 0.05598606	 0	 0	 0	 0	 0.03426396	 0.1826197	 0	 0.3382388	 0.01469674	 0	 0.04586428	 0.03677326	 0.01143471	 0	 0	 0.05145561	 0	 0.05409821	 0
